f0,f1,f2,f3,f4,f5,f6,f7,f8,f9,f10,f11,target
0.4582596669331449,-1.8528871976551229,-0.4319758540664762,1.1238030435718458,-4.144025174234468,3.783550468413146,-1.138615833781327,4.08556185672124,1.0457095299945052,-0.9444937231990624,1.4154660000844843,-0.976956878080162,1
-1.2928096068255537,-4.687948675416978,-0.0219984615321755,0.5283234360438296,0.0575411271480925,2.299387719244216,0.4592913467518884,3.486179536955548,1.053947525580308,2.0985976913243,0.7938769015736241,-1.50787209612307,1
-1.4497571432680465,0.6097288475233349,1.0897552968529134,-3.6394864691764406,0.7000261518625748,-0.9845213787982804,-0.4048455340297085,2.4080325201650243,6.660523899269274,-4.662843505012701,0.54071139666567,-0.2625996518440747,0
-1.9518660304154805,-1.0815329824120483,1.727686489205991,-1.660109817454691,1.599783224503503,-1.1777378056063073,-0.1953283552568741,2.239149471067156,6.01885697805574,-2.2689646052790637,-0.3887792432108021,1.639921938778298,0
0.3686242099031984,-1.936331176463005,1.5190847463236377,-1.3603689513414063,3.116048865188295,-1.2812997156693884,-0.7702466639973587,3.431514516544208,5.867287448443155,-3.4149374740539136,0.6885633678861546,-0.5031907901882104,0
-1.8757742699657567,1.0203974289006423,1.882859151431296,0.5188071260754912,-0.7354808303912906,2.8335709084473537,-0.0368068459730279,1.0451745705309787,3.814504937365371,-2.096921942933399,1.14058033097039,-1.840036906573612,1
-2.2954738732006783,-3.224606055744555,2.6985268033075496,-1.242138822778489,2.324523289471734,-0.6417450712499004,1.1717519364731075,3.099105606039199,7.977777048436287,-1.7891152282875762,0.4131937369679719,2.728290313768662,0
0.6951450906926405,0.2287146884779265,-0.5547686744022293,1.9087843491286804,-2.32608965120024,1.3998038160273834,-1.8753783999182243,0.9453459845787056,-1.5814823741204087,0.197224658955742,0.6392020829551665,0.2584960545369283,1
-2.2300389944945707,2.3125537023356197,-0.3243887729644912,-0.8733999680322447,-3.024733821553042,0.5805275013008845,-2.276384329733397,1.6757952661155402,-0.3154669799897497,-0.2205962825015446,-1.132527092525703,-2.33147453268077,1
-4.222434064712294,6.573516782736812,0.3150989457269613,1.9605927784125103,-0.8208918001542798,-4.395392319582413,-0.6089515051561245,-1.5822170496381616,-2.9922080951910632,1.60873432308489,-0.5873741146982246,2.439134279355809,0
0.1594079013386664,-2.718208942489306,-2.237800441750461,-3.321957060880388,-1.5672445551881125,1.83533141644556,-1.15052070397326,1.833291496650648,0.5278339066076543,-0.7113487508279944,0.8819680656685556,-1.7475680413474262,1
0.7920654882253252,3.755728570881935,-1.7251654690204887,1.5378108912416335,-3.5865235404722995,1.5303908078935982,-0.948246626665084,0.6430765437309752,-2.9647610728090257,-2.0313560326425337,0.2633674285027114,-2.017780097151462,1
-3.8140492387996816,4.349305123558741,-2.7812517523392515,0.1208531543982125,-2.344114072061413,-0.8877521802221686,-0.6848586594900066,0.3320397478246673,-2.806510907373104,-0.7922169845257193,-0.9276241603138224,-0.1076347229588701,1
-0.0731954191025012,-1.0690079644671804,1.924659951874404,-1.6345476478884975,1.61484442929632,-2.053045748592427,1.282989594145573,0.6323884664054449,3.188371915346719,-0.0203356951874194,0.122080877033541,0.971693175302285,0
-2.09644720041878,5.871815146005481,-0.4940665889136271,-1.8792663644978915,-1.9954811270464643,-0.984738665062354,-0.6030659077929138,-1.370468006364197,0.4025165264977297,-3.091384876501177,-0.7008694488826097,-0.7446727703306784,0
1.7262060315408012,2.107005100448531,2.5303720938877188,4.435892728619164,-1.6879994087374812,0.8969122603415728,-1.5421770844428278,1.826844894600267,-0.2102063140545936,-0.4024410136058868,0.9929446697580894,-1.147763961322709,0
1.562790969213122,-3.3991889404694,4.313028116017216,-4.152356298491254,0.7803164078855157,-1.1881586690796622,-0.0102082966105379,-1.2919627552583042,4.361771668632784,2.4651378231216063,0.2817405484662886,0.6445700044316417,0
1.937872561678192,-1.7456705917108843,0.452547614725393,-1.1535425013828142,-1.8226008104497973,1.5753668261308875,-0.0881446756919443,1.830563810161523,4.353481741949054,-3.413731524249332,-1.174685093954566,2.342935847216685,1
3.433652156223886,-0.3261630974851957,0.3047661116138311,4.538431561795114,-2.8128299296462203,4.402551810435003,-0.2066434484485968,2.261148313853641,-0.7166921608903577,-1.8072567874130945,0.0298729345614974,-1.4507865005597056,0
-0.0710266697227772,-3.333636601048919,-1.955866977965845,-1.7063036443742463,0.3932067432880557,2.847401836003684,-0.4465094228468843,-0.4408731962180201,1.2485198778540223,-0.9922523993032716,0.0715153645013051,0.5624669870812671,1
0.3474164837199156,2.112617793956968,0.1253141327583053,-4.667842950965047,-3.043613443879522,-0.3794387825222107,1.1783082452777651,1.6677940897626868,2.910275955904001,-3.3207570779117823,-2.4373909361371995,-2.2360986726820027,1
3.3319878906697014,1.2041106197692637,2.5792142496351644,4.755933262005778,-0.1611028967240495,2.7123227368497504,0.9971482389434748,-0.3121061322132523,-1.0180373744143223,-0.2294897465344383,-0.3379467670689568,-2.2774939192675285,0
0.8422876519918376,-6.22529844410619,2.5934175114819364,-3.518951599019074,1.542699728341013,1.1484667224256362,1.620774083408945,1.3215402916511827,8.307787905172752,-1.292207918898682,-0.3885432493830429,3.292040902327093,1
-0.8255986192153334,-0.1669759418366426,-1.5100587592203,-2.0084619739269503,-0.7649222162658107,2.224599610729655,-1.0246357515048106,1.2259087549223802,2.250499231906145,-3.281402921187372,0.8153563616035391,-1.5837248486510385,1
-3.251421909294121,-1.207572636100669,-3.683289119817205,1.484210145941451,-0.4465033365900392,2.3233748898625937,-1.3619783292285363,0.9919348628099268,-2.4028300935549285,0.4583019992759041,2.437670488428023,0.2939000220931254,1
1.575403779898808,-0.5887566423842915,1.9269624972661183,1.1935596253614986,-0.7487213993768648,1.3167106326936069,1.090844329919439,2.469859039430679,2.4013544179092907,-1.3323704839390875,-0.3418910729154731,-1.3976974172019374,0
0.1157230706906708,-5.552811601617229,3.2078236483804368,-2.983072674629039,0.4821460601382406,2.084597414295229,0.7594906864540071,1.9166827063351075,7.481774605743915,-0.154946419121001,-0.2282379931516316,0.9082886534394744,1
-2.564774700595636,-4.896187586061783,3.361941787598034,-3.335528082986384,2.1594187533442355,-0.1289873958753224,-0.277241630232464,2.2216720844848066,9.135015840009824,-0.510899975363974,0.4984490078842042,2.858101947189968,0
1.6074535639587129,2.0197687816654595,0.4763201276210044,3.181490563355033,-2.4852192027449727,1.7107810100713323,-2.1224424968252937,2.0185142137319856,-1.3786479327357966,-1.1147858667183008,-0.1029523679273095,-2.26339711461655,0
0.3836121069000531,-0.3661767807567813,1.9510545858870407,-0.9314125164017412,-0.33520909832718,1.4613807872634157,0.9722615174798884,0.8561520123172643,4.300166392047312,-2.235542555580436,-1.1179216635769078,-0.442127602836432,0
-1.399221466022273,0.0384312869655706,0.3868701783002541,0.5723167286420281,2.310207439898821,-2.5209678836612275,0.4764093583420319,2.644016358404036,3.086751031498965,-2.195399692604128,-0.7945713783728494,1.8103351352377608,0
0.1933951244306206,4.740853412571253,0.2797518796444467,2.505475290298913,-1.6353120957697065,-0.7060091945494631,1.8598267617926092,0.7438474460285152,-1.9499962805629232,-1.4636208501485377,-0.7094400401567997,-1.772895972059084,0
-0.7682529407036015,3.788675313559539,1.7491814320209418,-2.6666624085551787,-2.1454605695863997,1.247025829393887,-1.7664252004439196,1.5577572662925625,3.920103608960469,-4.040845172572267,0.2188471997124061,-3.8540143067421684,1
-0.8428883245710911,2.2479777551668274,2.182096205684924,-1.8930714175997212,-1.984405193519324,1.8435577413764557,2.3135334402524523,1.5658274795521612,4.542685927404513,-3.2576387440103733,-0.7997432417844527,-3.243318689245293,1
-0.9984696587169094,-5.221593939035797,-2.0681955050457947,-0.3788128271046891,-0.4743064373027269,2.3328079012081577,-0.9024508630937254,3.105098898058813,0.0261019606859307,1.523247577323914,-0.9725400967432536,-0.1860420141587768,1
4.650839078358301,-7.748138233073712,-1.1311987829194283,2.6061365030466503,-3.708773455447934,3.8102183775163057,-0.3296727956390392,4.74717138070286,0.5254627697546118,0.4573122645532046,-1.1595211460146644,3.730769519980379,1
3.0971715514819373,-0.4154154623226515,-0.6414474782426915,3.667522633092451,-4.206242673655703,4.404951025392741,-0.9498990691795708,3.003043426969378,-1.7916859066894035,-1.3364885958521957,0.1340131604140976,-2.798303097805362,0
1.5796834923004723,3.986101486075046,1.5322270141700245,4.755933262005778,-0.9383505615914642,0.1349540645498874,-0.6320691471407719,0.5142997761573161,-2.9688593297689017,-0.0153639682419612,-1.1909479040577826,-2.49846175433042,0
-1.9224930985711688,3.2851487757354585,1.1548541537352264,-2.169967615714901,-1.1760684551235785,-1.7260842980205002,0.3584057917558956,-0.9604326572370564,1.781414080052143,-0.942115155947708,-0.6030078000737306,0.5733710536011085,0
-0.881665389100671,-0.8381756512300659,2.425779206460232,-1.6855673181382809,1.1406882220648606,-0.933975332355834,-0.0554085117893477,0.4452322784798451,4.267431446143959,-0.3725594815593278,-0.143920230035867,0.7767189160559456,0
4.650839078358301,-3.1729511878049115,0.1159836660618636,-0.849777497869766,-1.299806242825245,0.7136209693296025,-2.276384329733397,0.6702494610269116,3.3424953747120267,-3.179481119699449,0.4900137494131094,4.81097106775495,1
-3.319111184813033,-1.3407370934436107,0.0204662327788811,-0.7473493855955031,1.543677247327942,0.916613878919322,0.1781402625317363,2.6064929396595025,6.408335405416756,-4.007579000089676,-0.1599096742510932,2.159642721368983,0
-1.6452414973190734,-0.1373978385891576,-1.1835680025305,-0.903656256140786,-0.6486853552320307,1.9624886573370053,-0.8855295766454337,2.8318540619961974,2.658664965855183,-3.267793561491632,-0.363254404510229,-1.7831291360096455,1
-1.3857852779119042,5.248757665013469,-0.9312982086343058,0.1932772611147772,-0.7209042857930603,-2.0986423609589857,0.1746644488753646,-1.5004658389528336,-2.14483506924276,-1.3269981049831934,2.0816487885643062,-0.1134326833226597,0
4.279278692595403,-4.505400063947615,2.6651013613179613,-2.996093199458649,-0.9642345031638402,1.7191629157086707,-1.7113262184091833,1.0309592248701869,7.548173303075129,-3.227350018658273,-1.490201784781532,3.5244629632459272,1
-1.5249078298983596,-0.4326728174426382,1.1476233092760282,0.2156019147101757,-1.4978912358298089,-0.1498604711143008,-0.0237466622771055,0.8413500213439412,0.4755398403685005,2.0065061815387275,0.3222014308322918,0.9720744222782574,1
-1.1955056614603194,1.21225393383407,0.1142404302030086,-0.972985741004764,-0.7149587212268623,3.669615894180975,-1.598741683416161,0.4997449607503356,3.8975589050244346,-4.351377626437078,-0.3874521836668294,-2.377036096766997,1
2.59353133439923,-1.6198824453658538,1.467224632156246,1.2107112948595786,-1.352685781834722,2.8794504994758787,-0.077044292080769,1.2428128416651705,0.2636567237138926,0.4140838561893412,-2.4373909361371995,-2.701919248177141,0
-2.1562670914730746,6.027164148777677,0.807797490640652,-2.567365493346834,-3.829433222007501,-2.549838214102357,-0.144756328559187,2.67952312094455,0.1437933182755915,-1.4522080917890063,-1.161020018441338,-3.8540143067421684,1
-2.5899367306717966,1.4077263602230394,2.386399663016678,0.3094733641318592,0.7187684826560705,-2.234447052540024,-0.5022707195718641,0.6170716750107551,2.9146082595140403,0.1609128156680148,0.4792398390576296,1.9452723731667367,0
0.6943681283836578,-0.8330293847861475,1.76845439926567,-0.9843252626138504,1.3210341415883922,-0.8852739738543208,-0.8602998421916145,0.7951224952661278,3.182931794460767,-1.0318537972138273,-0.4454763941595193,0.160890134691815,0
-2.029996908793328,-2.5683235925531807,0.2159530902253408,-2.324396572293782,1.825283763575452,1.6582001660448924,0.128952047945549,1.9597138358773731,6.804556246271072,-3.8678250313127136,-0.028005963581852,0.8569328344457798,0
-3.8796122226354495,-0.0153666226592714,1.6553210923024453,-0.3510426606506553,0.3527259410823369,0.16758597592777,1.781117990739303,-0.3069980930606011,3.7125368159509775,0.2200236997479558,-0.6514117900064127,2.4667549160942013,0
2.45974230020802,1.9326371047790865,-0.6082958090861186,3.806084205292628,-3.055475043701332,1.87768673205701,-1.3526568139846495,2.683485822869862,-2.653785131502848,-1.4838729718283228,-0.0734204806881047,-2.294429214869451,0
-3.121717965963449,3.747664989264938,-2.0554272784250003,-0.4418163277744711,-2.959832258498434,-0.7891311576230389,0.6541160544662632,0.3823080816590196,-3.42620204667978,0.7592382931604416,-1.1818669391112548,-1.421504215129996,1
-0.7788875459069434,4.145352349247357,-0.5096242528859607,-0.7900861260770291,0.317266425005219,-3.2407123996517875,-0.6190590699992168,0.5863930725971499,0.0473257655004591,-2.611671381163031,1.952531902595452,-0.3786450514531034,0
-0.6294198127547659,-8.801325234088857,3.394663315073096,-1.0160625806711052,3.5402413674830746,-0.0576821288635021,-0.0997215478301383,2.513059064486381,7.828293336291347,2.2264019092488043,-0.2158781374711252,4.448842307127771,0
-3.4990365588257832,-2.934064455837597,3.1397181933644176,-4.056142121953876,0.7686214967541098,0.6082705661504031,0.3061025704580122,3.1718969256052407,11.199892332507956,-3.545335347919062,0.0271338481818371,2.5426433217767457,0
-2.189100518867818,4.018054705197227,-0.0797547372255447,-2.174117483544177,0.4392687591492238,-4.394337436199942,-1.1278439284424184,1.344098400372057,1.64911580001336,-2.5721336029368143,-0.9850595246792676,0.1959771229092981,0
-0.4891203621332307,-0.6148991738486731,2.154030245801817,-1.7667508138981922,1.4835200263561832,-3.318100964480643,-2.276384329733397,1.1583635760679087,3.435680429465683,0.0829147300124089,-0.470674236259137,1.778191785807999,0
-1.3983146292883877,-1.2107569317889924,-1.5978673362224765,-0.2603110833138087,0.3338236890364059,2.240361861662108,-0.0461998307512649,0.9982478863003892,1.7851892787338424,-2.265579574146008,0.182129086312225,0.0585602115641985,1
0.6831024225778719,0.6814005472069719,0.0832038877742313,-0.2277073549167387,-2.7595942638551367,1.5315482016465298,-0.7134724189613434,1.7507249133360572,1.86370608487892,-2.505072058925316,0.3982385790589984,0.0919900183642177,1
2.447341659184758,1.2319861805196652,1.6699127049761051,-0.985348150119622,-4.694286419025257,3.626288304057376,1.4340376645215838,2.931247311999159,4.599205443622762,-4.730418094308291,0.2923753399879998,-0.9563209350870968,1
-1.3680968489114251,-1.868194322556095,0.3879392476187746,-2.1446809167427454,1.6824464100318182,-0.0554784093569697,-1.7741879515183645,1.6907560225575675,5.1705216001154914,-2.6434550428888355,-0.6295665947759428,1.1028954696898812,0
3.829050971774493,-7.869535383956578,0.5743346871476716,-4.0491167794579175,3.5402413674830746,-0.5092432874895012,0.1758794268582716,-0.3824871837339703,7.616158762484326,-2.860603973258909,-1.8041871096969584,5.054729473993359,1
1.0950826815399604,-2.7275261179099606,5.001600166585203,-5.485380099891241,0.5933859554933867,0.1935321760143198,1.702392035147941,-0.7504869050195082,11.48433655650405,-3.2580056739025,-1.096749182666544,2.3925372618015763,1
1.3880211101776236,1.4212816316350436,1.3834649354316575,0.9636454580626396,-1.2464366778300509,1.2473413349213418,1.003395507647029,0.8498102356662766,1.3774125218720048,-1.933522427472896,-0.903205923128366,-1.369510403100819,0
-3.294416475843998,3.2997571609539715,0.1348539524957586,1.6142773841114295,0.1852082060994899,3.5142807391400366,0.1981722697231172,0.2557399630782464,3.315838494733668,-4.666037928330752,0.9601933517654916,-2.0031056684197512,1
-3.8282033476459874,5.732626141678116,0.8234852254564355,0.7902411645108502,-2.886828233315982,0.5738279659735086,-0.868576899643092,1.2688343864483282,-0.2089924103112954,-1.0432136194815522,-0.9053468835655334,-3.816731888308346,1
2.7610408111311617,-0.4186453101679829,-2.7215989908409197,1.4144725146770725,-2.083121634732604,1.6406072700818926,-1.2677465736151772,2.0009619179553546,-0.339747972238383,-3.921393550372251,1.4753757637102802,1.992219411197492,1
0.7818246731718186,0.381573291027252,-0.1816150332336044,1.6159903408661265,2.918790137113955,-2.809832071456926,-0.3928285539176256,1.5376924033290056,-0.1828623689112395,-1.142227387384435,1.0724415951599238,0.271237201995802,0
0.9796600225349068,-0.9345846876998892,0.0186200406207837,1.013491478909357,-0.8803880737750337,1.5930664193446558,0.8830629612037807,2.59300967632965,-1.054528589314925,0.5316918864417706,1.726873403339546,-3.822094358125315,0
1.6450761440322732,-3.947393052899888,2.7275128275073346,-1.4146509000891048,-1.2763280969442858,1.7349121169618895,0.6340234060426649,1.575756635431452,4.846117086432053,0.112370053335066,0.2875291201532224,1.50782690849584,1
-1.419330417638836,-0.0279654505802435,-2.063741496078715,-1.6196779260162566,-3.17794159690832,1.6153813505988346,0.2882367577639239,1.222947059875944,0.8027824930519704,-1.7127532181294398,-1.0511490372532666,1.2527326736962192,1
2.631928407813363,-7.7506092685410195,3.2023472628775767,-4.900949663749186,2.616663092587629,0.0959597972810522,0.8665715237825008,0.5661755803805354,10.502363151390307,-2.2625884133674865,-0.2362586366250135,5.054729473993359,1
1.4822925144246744,4.160677973932565,0.4035679217281641,4.755933262005778,-1.2788189712462434,-0.1616640722769311,-1.3617247765756364,1.9767391641359997,-3.9884574617613344,-0.0662676698041115,1.1967553243089522,-3.2284193300888187,0
-3.677006512684557,2.540018052166785,-0.6045986091513922,2.042737787205486,0.2169542886498414,-0.6237290975904619,-1.0326550162967236,-0.5527404458406073,-0.1342548011967814,-0.518730573000907,-0.1839115173487333,2.52452262146363,0
-2.9796568753905515,2.0645913652102124,-0.7902140741971484,0.5299436849572692,-2.0140018339514527,1.3838494195552278,0.0499976329275267,0.8759666977258628,-1.483799815645145,0.5597534140828833,-0.6536580383262969,-2.519345305705975,1
2.474332452117517,-0.8207410965658892,0.5212004073514529,0.3637828387435307,-3.6086919838209015,2.406866889845637,-0.6143546092855068,2.214325877560652,2.0222177386674867,-2.190092799068315,-0.8014298754483051,0.8072051295982726,1
-0.8664546394347625,6.957196731326988,-0.0072180248582727,3.522247617177645,-2.6591231087483456,-0.9192630507629164,-0.3056035801989323,0.5066080460089308,-2.272316148228711,-2.481327930848184,-0.9795348136223228,-0.7529340815040488,0
1.7188939067744269,-4.41470077190202,0.1155291440548391,1.5436104445363354,-2.7903461629226527,3.5998932814307048,0.2256024917192473,3.157856091220616,0.0343922496079334,1.6333447797506055,-0.7728383221091801,-0.3700190453111069,1
1.1337721380830208,4.431768878405933,2.1588620679025863,4.2114034956369055,-0.4890622173908132,0.2530331765235798,-2.124291055208969,-0.6961343188374545,-1.2344593226179792,-0.9453855865293836,0.5553602040029428,-1.5312934304673838,0
0.1122852905772358,-3.6388166807960634,2.198674024205013,-2.391548523398714,2.063112606489205,-0.2162270989559704,-0.127480787519118,0.9595189775402626,5.319354411832261,-0.3451606737097963,-0.7040717217470792,1.0589188249176709,0
-2.059944135473121,0.2050639526198162,0.8885823429293449,-1.2422791928461274,0.162061739402465,0.1104227402236743,-0.5213267359929512,0.4984898363922266,4.090095432349154,-1.9752052522374912,-1.241912118560478,1.6049534962496512,0
-3.0516146114498213,3.203169690068255,-0.4530803251673146,-0.0143286812620926,-2.891416203167185,0.8351638698658927,1.1351307437766107,1.0499004375075287,-1.7842289391771764,0.6995933633633942,1.1374983028372616,-3.352076351359754,1
0.9634796272514514,-0.7771452097293352,2.544078760364957,-1.9860367843955111,-0.7460858919586462,0.7186777256770084,0.4753042948266761,1.3388449306822054,5.254365763788331,-2.240582583698449,-0.3054869510526363,-0.0197512530290562,0
-0.380511007964661,6.159860892904223,-0.1207262502371955,0.1391579303131855,-3.713832152611359,0.5550564244130426,0.825885381675968,-0.1739768619845199,-0.904410317331058,-3.004604326231579,0.0752820446430067,-2.3820564806253333,1
-0.31896624275267,0.542884045977833,2.0826571877575635,-3.775240035581816,0.1915526890314551,-2.2833092789526943,-0.6843394575398222,0.3367831579831926,3.852293165823833,-0.9095044344417058,-1.104181142738765,-0.0735227343113678,0
-1.5739722140759629,-0.1828217028232433,-0.6896799073844392,-0.7175643838858748,-1.181611332486194,1.6630667178040106,2.1472471678954963,2.177006577461264,1.6728764307628377,-1.6176461706552994,0.2480247166855342,-1.4439771896249458,1
0.0999041220872201,0.0724975455390055,1.8189795053425448,-0.7940642624492087,-3.2597075641919773,1.011547480675127,-0.6504738133819694,1.6264006034750147,1.838670953117108,0.3038332105566497,0.0575011002442883,-0.5221141318958236,1
-0.8773998229141001,-0.6461683280036312,2.0051773044044223,-1.4833285209064957,1.5272197896093154,-2.410028742238426,-0.4912634062758307,1.7712443589261264,4.499194780579768,-1.1490304488170664,0.8890663261711518,1.5875888079244511,0
0.0486993454889923,-4.645877157385701,2.5289946707785385,-3.125626506842415,3.422313396573815,-1.7277910801714402,0.1571646849402645,4.272925546144752,8.829629427834583,-2.8694218028053253,0.6711362314607829,1.439339224667271,0
0.2378289344714343,-2.375711829767241,5.001600166585203,-4.799248874098025,-0.1917924566514726,-0.7559103091949342,0.2277508272094751,0.0212828572839813,9.623949514115637,-1.1265010199195855,-0.528052907454398,3.214488610547076,1
3.175173036275735,-5.925351998110682,1.3313220858797905,-2.1642694769935167,0.0122853547023908,1.86894982393447,-0.5729961912670486,1.8579504157488245,6.349332114016356,-2.256461541228451,-0.5772323067667123,3.5143652984847757,1
-4.210521958039545,2.761901590162988,-4.6611328697199506,-0.0111143310663202,-2.596049134834006,-0.4947586434303102,0.9850850277992867,0.8860407705660284,-3.9884574617613344,0.901339805799482,0.3541871197033722,-0.9987061165109474,1
1.0138008476886076,-4.817117153130783,4.065968740160379,-5.485380099891241,0.6386478619759108,2.129365189647679,-0.3520259812642808,1.614778841511743,11.48433655650405,-4.253826117150155,-0.2605140339423755,1.748539017800144,1
-2.595356495178449,-0.5905347267109384,-3.239788450446086,0.8958893636861873,0.3995700369116581,3.52015644383383,-0.1542035097114133,0.4327727124444787,0.841457213498155,-3.1891202417349067,0.0898582728332316,0.5542304101858346,1
-1.5443391217549554,-3.7041403242277937,-3.8780629992622617,-0.4816816317116328,-0.5326834253895194,2.400802097196607,-0.4424652556570986,1.217231379141522,-0.9583222973741656,0.0815343900426925,1.8211665357924811,1.5400533453702856,1
2.3537582675242863,1.7170807892374105,2.331950564633301,1.7968349654365432,-1.4019310067642123,1.0788100165111043,0.7808400104737139,-0.474156678612075,0.3342625297233036,-0.5835090834447648,-1.1673932249588237,-0.9609169546357308,0
0.96789462273879,2.1143503857394164,-2.2138007439287053,-5.485380099891241,-3.6508777310978378,1.0438496441799798,0.7504960007764772,0.545925297798852,2.8567141419525752,-5.170401603145073,-0.3827272393307727,-1.4223280117954669,1
-0.611674002051348,-3.106798401326546,1.954795233639255,-0.2806297346734396,-3.21048214485072,3.429923654144291,1.3533305158553264,3.123660490902222,3.417509562519988,0.9147082944215524,-0.4547140262296157,-0.6032047033487249,1
1.8877135650924008,-2.165662199408061,1.1908048332187595,-0.0681705275224839,-0.5223395282370417,2.1018432853527163,0.0110469924388903,2.4271030154826803,2.784262821699893,-1.4628463588256155,-1.1647489923337202,-1.6574877145942415,0
-0.9618954239119116,-2.5798623985817573,1.224524121790305,-4.034088160024423,-0.4676952817998523,2.598694871972137,0.8592439163520906,1.465397871205343,6.874014142464686,-2.9261533601372625,-0.810013360771362,-0.4707828329817242,0
-0.0157068458303606,-2.9311928681986186,0.6406765617383714,-1.4271703294706786,-0.3977111348230118,2.9508551872277176,1.4855118868654729,1.6925679982082693,2.949724126117521,-0.5223241846632312,-2.041361596067978,-2.1008046643529825,1
-3.2777300131964453,-1.3211774466830732,2.508966537282044,-1.473398303508198,0.7300633891526794,-1.3973530834110206,0.5218052744526738,0.5608835746009952,5.250690668808635,0.5435664809137641,0.7702947580796035,3.77816009146514,0
0.0571438547798603,-0.9361461481191492,0.7020244017307741,0.2829824268453382,-1.7798379149569703,1.111369663283584,2.323307455808101,0.9862631253204598,0.3126982806614854,1.0265672044815777,-1.1487304786589083,-0.0038643415659107,1
-2.579389843923787,6.957196731326988,0.3892962403948066,-1.963208965148968,-3.4766458289493185,0.810600120334717,-0.7757981694153069,-1.2327320206164272,0.2089283641508696,-3.5225515650187824,-2.0860283487607445,-3.8540143067421684,1
0.1709358002514727,-4.219784478669115,2.4296644186863565,-1.9976863172574408,2.516993243718097,-0.4696976370209919,-1.5980492533988642,1.5785456868613046,5.852801128460119,-0.3905652191765136,-0.6478381876221059,1.5095185166289815,0
-2.414039848575716,-0.3307795167395544,3.295878730897775,-4.157329332872912,0.0207237457668127,0.0344104993648819,1.1017157121691126,0.6567491248828444,7.750569005914995,-2.024905914722811,1.0276728696879491,0.4370501179143379,1
2.4363924208616456,2.026303658195136,2.0212373109923707,1.6955432047759955,-1.147967353275113,0.429587364729764,-0.4002613298142571,0.0078069847508213,-0.1568534428677888,-0.6848732633618646,1.6280529083487896,-1.602183875527326,0
-3.7264893675065633,0.261778043719559,0.1206079325249147,0.9153373349255438,1.3931577394008217,0.8408186130125479,1.9288594336731264,1.236190745372143,3.9805366378661566,-2.5755612655215856,0.7428444941153298,1.756854670522087,0
2.038736670140069,-4.405813027563158,2.7949687136170587,-4.667323031920265,1.5245035442562984,0.1311398966956303,-0.674113610981172,-0.1083651493368755,8.60017970873088,-2.781747286202126,-0.9454633461723472,3.56375726116073,1
-1.667193653713911,-1.4724591025165583,-0.3582039485558834,0.2430031359352547,2.6292651135609773,-0.6013829828524844,0.4243702588419519,3.497281980955929,4.984884236441686,-3.988079567269748,-0.9351962071366474,1.7760736898299858,0
-1.1140728222916043,-2.609260617210006,2.994316925628956,-1.3466016035374098,1.5971023589552975,0.0962818288645577,0.637183325407212,1.511650984912408,6.6278729937131216,-1.0706232501225927,-0.8261165015403475,1.733880658556595,0
-1.8783582872209168,-4.524858347150395,3.657358338449488,-1.4241327431428088,1.453220143349596,1.337734022374767,0.1814722168586413,-1.260184640318907,5.186657130036957,2.4651378231216063,-0.5212315578387503,2.714914282160474,0
0.8657966492625702,3.6507485362720886,-1.555900702849612,4.720727094155709,-4.598827704562911,3.273630575658176,1.3240823698785953,2.4268140156550606,-3.15054030144811,-2.4528176869116667,-1.121062781340438,-1.9288114611497384,0
-1.166062167228788,1.967231684178244,0.6055702215104184,1.4706442328349554,-2.410608391020532,3.533221837768922,-0.124446979602016,0.3601063488832159,1.9845967469186865,-2.562638417565521,0.6137032473720535,-0.6211554784373367,0
-1.1148402208036488,-1.28635883954856,-2.984627875403664,-1.8149616791635352,-1.6021557488937348,1.4933357979419148,0.7160543348921743,1.3965699805763176,-1.1463350473444216,-0.3325147670181898,1.2356672860093312,-1.1693501728396518,1
2.863501765595408,-3.016583748732398,2.6297870097139526,0.9441032313738518,-0.2419620811124501,3.3739290953620795,-1.6119160173087002,1.417772173123503,3.600260005771149,-0.9616025489361756,1.6714927178666592,-1.1948522582167418,0
4.650839078358301,-0.940644543692444,1.5968914939281529,-0.6512039503037272,-4.69378443986108,1.5967699903585328,-0.6080786455521464,1.6708310184647026,3.3215852047288963,-2.880876008565693,1.6742441328830509,2.8887386495718834,1
-1.9988147255527515,1.1382552093527984,-3.873887015724188,-1.757287166236023,-1.2598047545516884,0.7284293876825189,1.0915600018852951,0.8012264506727377,-2.365345756132708,-1.250505491727707,0.295336731282777,-2.1876863423331105,1
-1.438742895330762,-0.2934798654503372,-1.8317185931586517,-0.9744600565134796,-1.7047637180410171,4.189758604104826,0.7468670108353808,0.9807493823934968,2.288034580352671,-3.5242732882738297,2.021097770387185,-1.1154909174595953,1
-0.7414493500727982,-0.9716636596793504,2.265959480479181,-1.963378144632128,1.4397280010023847,-1.9877414533923607,-0.0509231774636971,1.1059715232188536,4.447203486729246,-0.5823419576268438,0.5630999275507254,1.2445670678933902,0
-1.8774057547393104,0.467858711354888,4.017236946174275,-3.7589975630724455,-2.829423899495799,1.8472573507378165,-1.2352072655184791,2.215965128590513,7.550815601902234,-2.0649033298162136,-0.369901045468024,-2.086228478569257,1
0.0677950415711003,-1.4781416317369442,2.0468179595491804,-1.9461426800366357,-1.343063797989791,0.9623917430763816,0.6813424256547557,1.6599216277705588,5.3790643336054895,-1.844311388634514,-2.1429445616931524,1.3547732246740734,1
-3.309084037562574,0.7226919406381747,1.8350263906743205,-2.075869440351884,1.164890389031266,-2.5913616920233338,-1.0185232628232228,2.8721219919523246,6.296455764436461,-2.712417490438331,-0.1510240149702851,1.625757139895746,0
-1.855819342151202,-2.17255644852365,1.94537132269849,-2.1675717671691253,1.5782383811926015,-0.866219989590179,-1.1239758598967553,1.8444153768334135,6.2357693916564365,-1.4342021883163885,-0.5229368893874647,2.0440465445650866,0
0.0794396322953872,0.2509163327401829,-0.3960129011166384,-1.0325487425757198,-1.561497865289555,2.16935101324309,-0.9759111701566586,1.6928117591511949,2.2297328785602675,-2.951844376621506,-0.7679466611050336,-1.6755541642823593,0
-0.9421670347393796,-1.440877725828616,-3.48957581948685,-2.043618201202904,-0.0701086324491488,1.4574847944514788,0.4086428607881063,1.850277430367488,1.1750917815220951,-3.318222495641596,-0.3471419701644297,-0.1680483088011413,1
0.2190014914717968,1.1010869469803903,0.1999609889640832,-2.664140064348137,0.392815777881571,-1.1844817074411251,0.6734781528121572,-0.3405459199656984,1.7860726421475317,-1.8597030894738091,-1.0267586190287965,-0.6323460083137542,0
3.781960694118677,2.8130379908142165,-0.366873626925472,0.247140923256558,-2.483399664472452,0.5038332547038619,-1.1329558632213934,-1.0469347155800128,-0.926110513400014,-3.056791147536142,0.3247955865045988,0.2090508901787469,1
-2.1790356278325143,2.606786721234457,-2.2099557296425587,-2.41078892224372,-3.575095766097015,-1.8682173699012965,-0.0115386061241338,2.6377275359011323,-3.0692844258202365,0.8798254168411725,-0.9221713174203378,-2.956579007001848,1
1.830935641897116,-8.375045921474658,-0.9266217037583486,-3.011899083653096,-0.185404943614627,3.6946743769663777,0.8398180469600435,3.643554365242898,3.8189924173678897,-0.1135938653883108,0.3009777132316948,-0.4958366148985698,1
2.9582263124467163,-0.4269526403398236,2.52931439095681,0.8383057810522128,0.7850699590498103,0.6568878048181406,0.1058878675930716,-0.0876068331591259,1.0552450813464336,-0.0783602183224152,-2.0380009695523884,-2.0719029093876973,0
1.4053572910157102,-3.5789660160822216,-2.2921943900780084,-4.800668301996883,-1.3884746235343464,1.8105806208575816,2.051216219019007,1.8073178613664675,2.123760560006879,-2.116364328358385,-0.9238971165206752,-1.065484033360136,1
0.2996071582175297,-6.058331888311375,1.2745207894251078,-2.178660486580061,1.4589939319826142,1.2545554433420898,0.3520976243218581,1.7614287155996764,5.952437629234954,-0.4833645554298392,1.5059300240000648,2.800924344835588,1
0.0960342124000155,-1.6765389626358058,1.6597140481972572,-1.4485766332639192,-2.5436906066966656,3.449769408086508,-0.5688549022370869,2.7015113263868904,4.461505673863895,-1.7199941258777216,0.0824663936971495,-1.982379106687037,1
1.956640826873304,-3.904159568570024,4.268734853658676,-3.63510588830998,-0.1483645660396682,-0.1850023981292763,2.323307455808101,-0.0460589748219244,7.199916912797868,-0.0677079499442063,-0.2716495524068253,3.330165775023814,1
-1.1046311183778552,0.2330136130621523,-1.1585277670244805,-1.8836962232057448,-0.6491035748925005,1.3388983528971794,1.9137516106889787,1.1949153130202357,0.4643336982145508,-1.2671849962436608,0.5263572297019975,-3.1903304287994763,1
0.1466748508409139,-2.115743817320644,-2.089978403756952,-2.868961218192608,-0.2515624051474809,3.093507641514022,0.8872734063974586,0.429987023415219,1.858410706667839,-2.6176311625577435,1.0836123303033254,-1.7298054642380931,1
-3.0605486109024644,3.5646699129016217,-4.6611328697199506,-1.3074746148779646,-1.2922700498646258,1.1551792608999325,-0.0581309813017219,-0.7632918920683229,-2.622021125753241,-3.2669406914373686,0.132127535656575,-1.313490704342561,1
1.3346312193929777,-0.6019233083940945,1.8699877707267896,-4.885863566542863,1.281221696567982,-0.6097230365343251,-0.3024116695560667,-1.1154057910147297,8.667418753087667,-5.170401603145073,0.2274597786057476,3.7787302037801247,1
0.0762187074346638,-5.417818603503864,3.205337352319989,-3.75284780130332,2.4255968553192675,0.5259348483422327,-0.190363063318058,0.1515343557060491,7.369097085753339,0.1469767418582512,-0.1236461272339144,1.879420317981296,1
2.8092098306969526,-0.3874748536372955,-0.3886506743385109,2.239472357814144,-3.0016961960865456,4.404951025392741,-0.0605034785973774,1.5766777551979705,0.6761123558063058,-3.072616107756704,-0.0549829922943656,-1.0882591974723297,0
-1.881274948975131,0.9251098970445368,-0.804133179747327,-0.8768570660362497,-0.9022198049482651,1.362102585245519,1.1460694226503847,1.5830780489344312,0.4876277527598687,-1.1748473116083198,2.240615664455086,-3.051985854355117,1
2.883171663803449,1.2844423400714418,1.5361053874536974,2.6565096377002537,-0.9673520971760594,0.6732284388372008,-0.6722812027482963,1.5033073178762606,-0.4503190441775799,-1.001848229239803,-0.1645579096705689,-2.059570230698852,0
-1.7353862129030844,0.4964662880915528,-0.378098264078154,-0.8498592423167993,1.6709966512062058,-2.2112356798698234,-0.842512589974095,2.6253389201841486,3.474958287160395,-3.2416425694714883,0.9382076205512876,1.3328968349284458,0
2.089418232888624,-0.0519672964698428,1.189040921457405,-1.316799677394185,-2.3657508847501747,1.393594827449966,-1.8593834471556872,0.8011375705077437,3.084953669321421,-2.514057664009009,-0.2687069012493012,0.4537587081941437,1
3.576959039902517,-0.9863337354403512,-0.8532407645265598,0.6139622535382641,-2.384509752888997,1.8480564280895972,0.2205251319352799,1.1625578828031824,0.4188970399501912,-2.5322104680412,-0.6015000416597999,1.383695103813093,1
1.0389038100751329,2.877006900887289,2.2603370450715534,-1.0293730649369226,0.793587370830553,-1.5161447506550574,-0.648701967792165,-1.6719385860620442,1.4729284389811304,-1.278370109813663,-0.5728404795997556,-1.2013632308072688,1
0.2628558186019791,-3.712640151976873,-1.957344900154192,-1.991320116846492,0.6697371711693645,3.284598982461743,0.0943165212784311,-0.2259148359047251,1.9237419763642336,-1.6589968060807283,-1.473026738578449,0.144222690387662,1
3.398169852208725,-4.371213784328861,4.09813370116223,-5.094356255056034,-0.293135284376985,2.93239045054453,-0.2231929529262036,1.1269134011445632,11.188921360921652,-4.96881191116189,-0.4049681375800822,1.2442135861209669,1
-3.759288837595083,3.5799036459876765,-3.7719296147596313,0.3141741813377519,-0.0943469614462271,1.4971333317814488,-1.0561757152377882,0.5787214228698155,-0.5377525227197931,-4.35431358587685,-0.7322022852998263,-1.5217876021612222,1
-1.9618363123625349,1.1362386654031749,0.5715882575810929,-0.9456776869904472,-1.8536171565416504,-1.6054220863002209,-1.5907649969361928,2.872723037524664,-1.6339651927269998,2.4651378231216063,0.372352464470059,-3.8165208831606567,1
4.444912991262224,-2.774523619402802,3.149814616702696,-0.7413273364129038,0.2136227481548434,1.2737125541904155,0.6355316496618255,1.2328107787234763,3.5591756818624045,-0.8440340443467846,-0.142131834615931,-1.609912159692179,0
0.4951008073348157,-4.863263052371649,0.943801575295956,-2.106604558014589,3.5402413674830746,-2.248078831387108,-0.2977539348332259,3.202674053420552,5.384127727405826,-1.2682659150284952,-0.6159263092764419,1.8524932364337108,0
-0.3792991365784155,-2.9836272294512165,-2.4561145517553986,-2.413690027768309,-0.3757858402967369,0.8111980565495738,0.1200405503494209,1.681578698868507,0.1770636914501249,-0.2427648461330853,-0.2098768676115099,-0.2707960434591661,1
1.7998307815073324,6.179042897775033,0.0814290472488996,4.755933262005778,-2.5664434816142547,0.9111777264923292,0.977334761871499,0.2274917050641169,-3.750654933672108,-2.3462101467212166,0.5470311090523918,-1.8363419838628352,0
1.3522236777219327,1.1324799237819856,1.1221307631149329,2.703168020993337,-0.8083721440408168,0.8671797001130334,0.1738478023586186,2.623406299513734,0.4154108056850587,-1.5467582074145705,1.4940711440034178,-2.042918141308668,0
3.492946308344551,-2.0304955559212443,3.989760795342826,0.8885569181193186,1.3075150149491832,2.3224574323038008,0.5681022771105944,-0.9976862855793808,3.338559162269709,-0.1600243672711951,-0.3963835145556656,-1.2716573660403312,0
3.1652740254595075,-1.2247872490139635,0.4822118824738105,-0.1143578537404268,-1.253260012447759,0.2277901085414115,-1.2374224467290404,-0.2963435688546811,0.3441740028650645,-0.3311019208871006,-0.5621239364427009,1.962671792431908,1
-0.3360008814387203,5.286162044748124,-1.2854643945819737,-1.6900404916781877,-0.682643042419516,-3.915979748543637,0.6805499310035822,-0.1832306531929479,-1.2893635645981734,-2.6564111283119365,0.9801092952550584,-0.2671360058400591,0
-1.4948994510434424,0.4086742082339784,0.8905426480372947,-1.1554672171051057,0.9624757188461336,-0.6879062720979842,0.5317752811656771,1.1447941033122069,3.910652143139362,-2.356899887703161,0.6475894731462453,0.6634402668750696,0
-1.5457467758603165,1.9363176501625303,-3.2757290594285737,3.0229126830962225,1.5549905658813734,-0.2428045777124172,-0.8085712391320983,0.6346688811925807,-1.6546066250322486,-3.078778144117399,0.3690531702551681,1.5774022393203977,0
0.2190867466653507,2.251194773465204,2.1501509352126744,-3.805013244188273,-0.707387703042047,0.5347651150796439,1.8344091685014476,-0.8461656677807539,6.626488004412191,-5.170401603145073,0.3580995828912472,0.2781412570361421,1
1.2514720895270324,1.897391202904539,2.172982073583037,-4.08213682911985,-0.2560102124691079,0.1438884944807654,-1.3839931327152348,-1.4757255276299754,5.56828854673005,-4.352897811561002,0.2244982048532,-0.3767310787972653,1
-1.393212457453905,0.4505825867993291,-3.3090729223801087,-1.984798599991258,-2.397926872146798,0.6292809274954608,-0.738183578853878,0.1971672632705667,-1.2437506242379337,-1.1764456611385157,-1.4714502443018458,1.0045746568971303,1
-1.5570452089929847,-2.059390875036058,0.2104097800809277,-1.5176445592591918,-0.1091019629358152,1.4892768388006117,0.7539155447074289,1.586457934527112,3.5035114370386053,-1.0399343938482355,0.2514758189977822,0.1991574984664725,1
-3.491191379485613,1.2767395787938058,-2.2361691051823467,1.6040756629965776,-0.4688093130973245,3.147221461063153,0.7961711514640717,0.6780258163858882,0.1365838982855252,-2.316159692357022,-1.795329084737067,-0.8520385889874136,1
-3.0504986433730794,1.7595068787138113,-4.265472470697739,-0.5800570023376348,-1.127378067286442,0.6901947585596009,-0.7046432981233319,0.9403255092946166,-2.5057494209617257,-1.6029037755199778,0.7713445792127391,-1.1743686965327516,1
-0.4953485076591084,-0.3914190751071715,2.9455718236955883,-2.70482800614708,-2.5892743639588067,1.3534707820523406,-1.9969708855706327,1.834195853994752,6.078836003282015,-1.8715316526449448,-0.3879548133507361,0.0699055887088673,1
4.650839078358301,-6.13615301459904,1.1669691822967208,-0.6812868063249773,-2.6955104806536703,2.7610934234981457,-1.7544430932573676,3.3315446980474874,4.896460041440479,-2.0130725509491327,2.4378782869737567,3.706826059660211,1
3.7245660125183,-5.59270266564625,-0.9417900181206034,1.9913401761970029,-3.023879575687842,2.8444230780124693,-0.3865112025796552,3.7781467733276393,-0.3223291048660461,0.7859529349559997,-0.7079455707935753,2.267161197049816,1
-1.4804573295980037,-2.217994490756496,2.701792732524022,-2.628861161692222,-1.175581602842821,1.75741542848357,1.455660403142888,2.2667056305898177,6.245840266446519,-0.8369833351003018,-0.3858488927289048,-0.4124841790858884,1
2.43545070832996,0.2249657431825519,-1.33709165082016,-1.4366329266389517,2.309208670662993,-3.1434955295955964,1.3961557984866904,1.7277864850875777,0.4151978337856926,-3.068352605031719,0.8433096283061091,-0.5929352990915475,0
1.6834495164503456,-3.8466884822065945,0.8404678507352769,-1.3255767387398911,-0.8875120727320251,0.8299277072827178,-0.0793261184851556,1.6237407836440847,3.801064431728389,-0.8033342427730688,0.2792001487227579,3.0799756210921307,1
-0.421934577519526,4.288871731771399,1.1209878352558489,1.0470004993001727,-0.2726475063033347,1.8094472513924336,-0.0096154783636432,-2.2699741939845426,1.718808494052101,-3.518210490195304,0.7056420432559709,-0.51410114449639,0
-3.905042882950873,3.5028170681992075,-4.6611328697199506,0.3660717868858918,-0.2682413860668615,0.410654138926364,1.915219635669948,-0.7154944950750708,-1.5153907552064982,-4.195789236624769,-0.1763084826233389,2.204054646062843,1
1.3548868566711867,0.9172825574430395,1.927676205887089,-0.1889078610658359,0.6008213072836739,-0.7357670577769437,-1.1610552387535875,1.1323864219034032,2.4037749778150963,-1.8237905706031572,1.8443535466753709,-1.365318102852907,0
4.312042511961855,2.2408513047502296,-1.073572845363671,0.5339285792500896,-4.694286419025257,3.003284276260728,0.8167564739236778,1.9715147447348171,1.4614014289284838,-5.170401603145073,1.056255708065297,0.4009223517382445,1
0.3710844824732617,-3.2701040269268744,-2.6688214451604617,-3.259878237984729,-0.3202749970361853,0.798008380225913,1.218724154925349,1.3631352242118149,0.6013627096291092,-0.8907814923881012,-0.8080716955048047,-0.0346296280399291,1
3.0381958921657635,-2.3313728046810995,2.006246569122954,1.4705739840639236,-1.120901975435699,3.0396116314229147,0.8398947342858377,2.490603575811302,3.1577205040049567,-1.747776184879959,0.1327537380750675,-0.8762939848928222,0
-2.878055138418299,-1.5373937304413867,0.4791531992657569,-0.6090263127243654,2.0096837804721144,-0.9365607784684922,0.8975312796818823,1.3332664207546616,4.202415434857346,-1.124325684927781,-1.0106687512532224,2.873762772830954,0
-4.115750228238856,6.957196731326988,-1.0373926428788476,0.3876071874007201,-1.815319201826076,0.2696208624589469,0.8912478043822462,0.2361154968513772,-0.0125224045581747,-3.902272757552865,0.476355355701615,-2.670207385872032,1
3.486571960464912,1.0875940321468012,1.4101689923216871,-2.32283900146313,-0.5398676729521875,-1.0937292647472958,0.3465510270923149,-2.2063531924225765,2.969615548457004,-3.0635486334013797,-0.2088590495526261,2.862540864739355,1
0.6633700363019873,0.6288852661158075,1.4092655705702328,2.1307403114586934,-2.932658755324571,1.4706144583827865,-0.8418345689940653,2.912593983199078,0.196033320157809,0.0126052073211493,-0.3837391923654692,-1.631309644143864,0
0.6648219600994627,-6.280610888081269,4.5807354440759855,-3.210773757652525,-1.5683100020019214,1.79001335301276,-1.2057273162309166,3.066898688019691,9.194115074158336,0.2015746867194552,-0.650489084089008,3.106891696113041,1
2.049323438148213,-0.8782959446827482,2.2085267640501094,-2.828950471377065,1.348879519546398,-2.164556599242701,-0.67458245220825,-2.2699741939845426,3.698424046134763,-0.7697124961724399,2.4378782869737567,3.9686993037518135,1
-1.6946266408332495,4.497250663763905,-2.323506798906922,-2.7182936611657738,-3.855184651134198,2.6392326962624937,0.1915871063939701,-1.0536756775123366,-0.225978282133147,-3.829564831624921,0.3308991850550833,-2.759052404234077,1
-2.490973256192583,0.9927497295592206,-1.8418177080932023,-0.3073912986862921,-1.3442297015539268,1.6711435035813678,-0.6400657836005235,1.904538427613,0.4777887928441523,-2.0227770962499427,-0.8099959310533856,-1.547236683432278,1
-1.5750889602375775,-1.4927230915666876,1.3169822163856144,-1.8354979033011636,0.9941745979148232,-0.109605524405435,2.237849259168583,1.0134608586454874,5.021350225286611,-1.53632294313961,-2.2045405061678083,1.6765298693699906,0
0.930686695925122,-0.3466271410512812,2.04820212139899,-2.017758297561211,-1.2872052246035546,0.3209744458200751,0.3878680896835167,0.3566502498910124,3.986186797031496,-1.5174599569677123,-0.077422364967247,0.9488594391617896,1
1.9268480097928904,-1.052380091049912,4.101233451902655,-3.313468447152059,-3.1929622188322693,1.3100395388010293,-2.276384329733397,1.5574890100916126,7.487587801148392,-2.5691244140657474,0.2676630379244288,1.203597655290768,1
0.1757045468289597,-4.395436911945556,-3.4202274271862416,-2.6972877392884027,0.6916395678752814,1.1815250299337818,0.1340745349030571,1.6555361743344117,0.1800350704546235,-0.7036383604375849,1.62663638373346,-0.1011109471967541,1
-2.505596277865024,2.1438026942079937,-1.1119236641934829,-1.0384875211989977,0.0935962701832504,-0.6993732514049802,-0.4135887137756832,0.1622448868806851,1.654768586232617,-2.701405253041276,0.064654072139123,1.0679688091782205,0
-2.8449690491030286,2.715215600157255,1.355502033109758,-1.5305867982932533,0.0612427416654828,-3.1675659404682515,-0.6117278936567873,0.7163318300490382,2.87192534720982,-1.130635955191946,0.2303157048723431,1.5914155880357743,0
1.0585204580400955,-3.3919855448205425,-0.0861776637452864,0.6051119234756439,-1.797840953174165,1.286408634080754,-0.291439340947042,2.592483879964467,1.1112484801742717,0.4842132280933631,0.9900831639936892,2.025749889372795,1
-0.9094483011125136,0.7110246683339138,-4.011616299783884,-3.161555908844851,-2.206536457046548,1.131330447228068,-0.8634446062125783,-1.138529777595282,-1.8426008449141595,-1.5674750120438727,0.1993798628190012,0.0578137607847084,1
-0.4199427857743357,-2.904420398625249,-2.011588510801172,-1.644912469984668,1.319074262487275,2.8647588191471964,-0.3561283628398213,1.5759000056161911,2.670646049040564,-3.0015186400009988,1.0879042743058225,-1.4610535409110637,1
3.78703354101504,-1.3754128706579198,0.3171395230595772,-1.1512443746221217,-2.679946404294788,2.492491512847165,-2.228680184425353,1.8528819972243449,4.0747534626481015,-4.552715452868323,1.8954210067871968,1.3163856946370849,1
-1.697639559693396,2.613115233480001,-1.543266216884418,-1.761540801592382,-1.8548693654886284,0.444052944794259,0.450666187966131,-0.335057611312602,-0.240294169457872,-1.815502020013304,-0.2312325711906077,-0.9383108589167064,1
-0.3197184674879083,0.3283650975307169,0.1076470489090584,-2.796355494545195,-2.417788209714103,-0.198779541229098,1.2401404930868394,2.046029038164318,1.45498305682259,-0.7539133428373053,0.1931590556988311,-1.5463811577888742,1
-1.4598039671565612,1.286405391694323,-2.2891526437160623,-1.7488156685484046,-1.6646942311815136,0.3792171991520157,-0.9790934206764206,0.4197216965966168,0.2227809514353575,-2.2698694426521024,0.6599303697273864,0.5165824534828065,1
-3.0546056109277537,-2.0831278597643355,1.6939517577204106,-1.351970138805008,1.724931873995085,-0.3328362142792078,-0.6763683230112966,1.3927260894107931,5.72413788889206,-0.8168914420153444,-0.1149814032482378,2.3861654061125663,0
-1.8499271213978,-1.416940805620839,-0.1937305796264508,-0.9596362681400286,-1.214736154596165,2.458855680365466,2.323307455808101,3.236707394515736,3.581099437102565,-2.1229785001366057,-0.6089747611860167,-1.2451116356001597,1
0.72520312113014,1.605141240156055,-0.8783602133854416,0.9253754157451416,-4.694286419025257,2.426770781396973,0.5384187994962697,3.18146506659929,-0.6695325646133001,-1.8580784126814385,-1.237330746214175,-1.651772210055192,0
0.7628390422499999,6.429707486488621,-0.0561829658983932,4.755933262005778,-1.648461758834021,-1.2221328559355285,-0.3294782639876161,0.4660279962959889,-3.9884574617613344,-0.0883770626006936,0.6334658090503938,-3.402213751853102,0
-0.5425319350986936,-5.4884474020612855,1.5890515043469629,-0.8468933569091751,3.340314663839226,0.5720655906516021,-1.402473334435212,2.654465748848753,6.819159199174213,-1.4919314476036811,-0.0402161362288017,2.4725779187302828,0
4.519186927211872,-2.270692560111051,-0.2600667779604066,3.074190703662128,-4.694286419025257,3.3919952793567028,0.3273032731755846,4.74717138070286,-1.6623671306884429,-0.2634477364588934,0.7644421209970171,-2.428004696370442,0
2.978916275518695,-2.0763756984173787,3.1047862617889117,0.8338853224526958,0.6401296280373039,2.458876054466109,1.8275632520739051,-0.159294521638686,2.5855086070170747,-0.0458767850527987,-2.033303065605039,-1.6811380697790117,0
-1.9535850595101647,3.669391880606247,-2.4296674231845428,-1.9146220132550609,-2.3298453249283795,2.5157675134628805,-0.9421538551896016,-0.994717036978352,0.324088530160051,-4.087746560853688,0.1930326288324474,-1.87032251397266,1
-0.2190055476449326,0.1879807018074454,1.3448831360619942,-1.396438682900649,-2.76249051824483,2.456027889847192,-0.9326932535308706,1.954532081204804,4.09758586062145,-2.5637649553145745,1.2481628112683925,-1.0156651073897782,1
-1.5993066413480963,-3.129944005748723,1.943345903286032,-2.022278729080139,1.0226740919349535,2.37205377897917,-0.8928696180771593,0.3813291529190403,6.416260206505831,-1.3811797604339755,1.977873720400379,1.1625220460132866,0
0.8771555472231328,-1.9821193905743455,2.64552445608696,-3.4958767184906674,0.5467765123286177,2.3239249750643127,-1.0118369278698578,-1.0893103336780472,5.915246684423366,-1.8636405656855348,-0.1807575779702265,-0.8344514158612886,0
-0.0748265759481165,0.155906059225017,2.6630666188587364,-1.1917474879415384,1.668045787864056,-3.9093115037484494,-2.267752309450892,1.9732467323654523,3.595213713705016,-0.4534506020055123,0.025666455053712,1.0295386401873736,0
0.3203009332298809,2.475742929545599,0.9697099494993836,-1.192712024368586,1.3906032394597292,-4.395392319582413,-0.8502263026692443,2.0600482990605427,1.3814248340740845,-1.6915943335336556,1.5151218207653985,0.2136578355982294,0
0.1202386971216149,-7.85721772384063,4.050395024803711,-5.485380099891241,2.905266626955432,0.6503526680292563,-1.4776636900036275,1.5566518987649791,11.48433655650405,-2.5342590644626863,0.1652406471187198,4.759295156760057,1
0.2082028266686924,2.730663903006137,-0.7984270501766351,-2.640667969140228,0.9964617759533084,-4.395392319582413,0.1414081530050342,1.618323295796242,0.6607411220695727,-2.6432082566805244,0.1667741051582895,-0.0728092916959115,0
1.821834675911365,-4.127809774839507,0.082463224440622,0.2467069306568912,-0.8343818868783145,0.4483743384129089,0.281594410013718,1.903542912295522,1.410396379226248,0.6397247517878686,0.1052123088844535,3.256377393897281,1
-0.6460479268648314,-0.366066922426089,0.8778775083741237,-2.668199543038853,0.8341299959839609,-2.7447381919730827,-0.6656150515228548,0.0421142886335637,2.0632110596729545,0.2749499635555423,-0.2510581681987417,1.5020050544986516,0
0.3795286390850705,6.886859951492593,0.9214469938595566,4.755933262005778,-1.413697208873271,-0.2595628073502318,-0.4575045577785915,-0.4349441346851679,-2.799798401660438,-2.016173215101804,-0.8467077790076957,-1.448256550511273,0
-0.9200058798991376,-3.612943511363383,1.8222805883222992,-2.7154734466576267,0.7955066270708144,1.3774224984946484,-2.0441789030953497,1.5679240330168351,6.1589166449850525,-1.0999529082749469,0.6408925551544224,0.641755748410076,1
0.4108271452992248,6.957196731326988,0.0734281312617417,1.4946464984403125,-2.2382862976721585,-1.288819113553998,1.9936287825185173,-1.8864767053813811,-2.138968454662522,-3.0924690731766225,0.2822900898886769,-0.8485320419497308,0
0.7619661007399433,-1.6823101308800954,1.4758725114708593,-1.5037589140212804,-1.472074917967837,1.1150927030924709,-1.2668417742669893,1.4069884309537055,4.357942131356935,-1.6972511029826252,-0.8992316805805711,1.6229783356919787,1
1.277569056042681,-1.9288117616113647,2.8314602299098595,2.254472994638878,-1.5525272037717708,2.2189564844088387,0.8169843266540283,3.664953810876955,3.045295872522093,-0.2064614248361265,1.8313773907792428,-0.9504266434027292,0
3.1218539560082093,-0.7560218154121798,1.6365348504800368,-1.277012721503756,-3.4935840853850424,1.3433380884581,0.1335790902803806,1.1247415680295134,2.952533318802099,-1.77882465644658,0.1385272861047201,1.2955291512600235,1
4.650486844398328,-2.4507133933468257,1.8465057927533544,-1.2574484467356457,-2.580812241074166,0.8746232355295943,0.5223590552909523,0.7748578702096246,3.9617708422814943,-2.0964401826398658,-2.0136695710352925,3.687722357080877,1
-0.1784726249516237,0.9092369724675078,1.767922554093558,-1.9241431337569304,-1.8443533727073276,1.0690227343281573,-0.0538847512873842,0.8869104334618546,3.7642771553402232,-2.0682864312963907,-0.7428421915276395,-0.938990665156248,1
2.572521041634364,0.7859373803902072,-0.4474251938370943,3.82997212055604,-4.516131815966501,1.9641719612097293,0.3757624283508302,4.74717138070286,-1.9993672128197164,-1.2516456757339272,-0.9552754986928116,-2.3884085418693504,0
-1.992468171257923,-2.524636240269946,2.2026239068319446,-2.4119347680279044,1.7091591006436837,-1.7591260779129858,0.9925453047807624,1.6546781494347935,5.9285011717729885,-0.3444119361923614,-0.2498223151127896,2.730259129022489,0
2.661447029463621,-7.040125757108082,2.6134608574340388,-4.047215886950478,3.5402413674830746,-2.343594713170506,-0.6906203534244281,4.745953851073702,8.648278286462334,-2.262623672282895,-0.9487133745237626,0.803574962705389,0
0.5450187381966863,-1.2598172173921232,3.0529436202702147,-0.6743582778526376,0.9559999175792152,1.9107540042683704,-0.3219599150661432,0.4291059058197308,5.654014017506403,-2.141075328260014,-0.8061441674653884,-0.4817317139252861,0
-0.5009430539664828,-1.0556108548462833,0.5386869079623717,-2.128311609600849,-2.072596772418731,-0.3827565275041926,-0.7999598174529549,3.011388294823627,1.3500657741600328,0.6415045733999669,-0.8774123553984937,-1.4605730617332362,1
-1.868253974039252,-2.218772663990128,2.64417102907732,-0.8771269720001442,2.2872995177335094,-1.6357934830552705,-0.2772978884971191,2.579071466417161,6.226509853445399,-0.938727881300712,1.1273207357128776,2.2550634476274505,0
0.5164332914264574,-2.1498304448391194,1.469521226309582,0.7988046636398782,-3.289417551066416,1.7116779442278856,0.1025835688431968,2.682793058880362,0.5475558725106796,2.1033263410492498,-0.9459392652204084,-0.1659518485242934,1
-0.5934944367802257,-1.558833981226997,2.65846225034686,-2.5684262110479787,-0.3916276700717882,0.9520321180711347,0.6676065265542513,0.298291091593998,4.60959490189343,-0.0221154882612122,-0.9232361356697696,-0.2752115405713982,1
1.873805233070584,1.5601032339779306,-1.006225274234262,3.5474623823091003,-3.496370758358589,2.259177669158506,-1.2689523134581844,3.616054679374921,-2.8146137962984352,-1.2400612090034022,-0.3425490278322592,-3.19165539748558,0
0.3554728396327329,-3.74619430936008,-0.6251693624975243,-2.1873283216766515,0.4060460524118445,3.029644953628682,-0.476005928497531,2.801748993729362,4.923414229217962,-3.4646439602318577,2.4378782869737567,-0.951312491308556,1
-2.1100190025597354,2.1247526546932773,-2.9594467622681293,-1.0588642487593949,-1.4736278971697845,2.5917445449715384,0.2469476862523455,-1.3088934859511712,-0.7270489284986503,-2.654627872783481,-1.5516837114440778,-0.8805419005830326,1
-1.7783120741738927,-3.7757981090049486,-3.872250025331189,0.5485724737518012,1.50100703162942,2.8989280317170665,-0.0049180750666251,-0.3585110351850409,-1.5137229667647931,0.374606533188633,0.4116334534073499,1.1587027224367858,1
1.3671229035192805,0.0530437522869006,3.638602406813277,0.4007461651612622,-0.4549988285686431,-1.050680579251832,1.864222608792408,1.7415573405654694,2.1117966265255124,0.9068531763506616,-0.3182005910863935,-1.2626813538633035,0
-2.959045722104897,2.6668834548513827,0.6276904192952162,0.4860347973846537,-1.9850107849057812,1.651350502397018,-0.3551064735152676,2.15196045024147,0.3540070355553792,-0.438239586993262,-0.224456703001572,-3.8540143067421684,1
-1.8218250373856624,-1.539855702514655,-1.0414764345326115,0.0860976088746934,-1.0764834782726622,1.7024908467492628,-1.1211108839903678,1.6502479797695284,-0.4790288964038547,1.125286114695176,1.169355423558693,-1.056608695893322,1
1.6845348041897874,2.262170419719161,1.6865652764505998,3.9056426698221545,-1.025203917409998,1.4756213247929044,1.314444574456159,0.6823109250620941,-0.6247991468206985,-0.9701726199051608,-0.0067836399993215,-1.6521304784311406,0
-4.222434064712294,-6.349696101282079,2.249763865893814,0.6851695947823182,2.5469018756590605,4.070700843540701,-1.5006773673585996,2.572693240909154,10.66331791809305,-1.3076229802261297,-1.41820088724628,5.054729473993359,0
2.2074664711647976,0.2538214853808518,1.3140736755528777,1.6655203161835272,-1.4761101870509257,0.0536092214731183,-0.2174439353799765,2.9149130650494013,-0.6038282721333007,0.1838280659978242,-1.7816024292233243,-2.5931011609099808,0
2.957495378548665,1.1279859308504054,-1.951364820813084,0.8744258639439342,-2.4775457354355144,1.8814606379994752,-0.0131961323817522,0.5432718634382392,-1.3556864402237263,-3.145377746812096,1.701792101538562,-0.1934906247890153,1
-1.710448437058993,1.198253354115503,-0.821311454874257,-1.1634954488633544,-2.932195877897824,2.778357674166672,-0.6827143161534163,0.7666542428692922,1.071778313790521,-1.755613227152964,-0.910009888454904,-1.577041315049912,1
-1.6628374913855406,0.8879952682836659,-0.5774440124388994,-1.293700350375615,-1.482202143149014,-0.3616257918479622,-1.064241878909527,1.417368208750576,-0.865695644728527,0.7702879672636982,-0.2200632474529104,-2.201123718897904,1
-4.222434064712294,2.3832564418388134,1.3189122363136176,-0.8219775812358304,0.1290708591763885,-2.198212703648316,0.7207587592734537,1.5841404906551495,4.777585368559946,-1.9341610468473511,0.2675531763247565,2.852008657331247,0
0.8059680185099161,3.7480914825417178,-0.683924426079288,1.1140359251787364,-3.073613001402196,0.8657249784323111,0.6694082147838158,1.3319996428911791,-0.5213032574218662,-3.2900361691059232,-0.5001416530366266,-1.1750291629881575,0
-3.1120184906785244,5.452140144121826,-0.4779039390888124,-0.0405188004079106,-1.624965724620048,-2.706718849694752,-0.1818376415919023,-1.9828493051950675,-1.985248838214357,0.1372200443495288,-2.4373909361371995,1.7674078254481391,0
-0.7820988058342374,-1.2842543057005087,-4.6611328697199506,-3.1065044305817944,-1.2825662786712335,1.8486167691054625,0.1948982864326516,-0.2376388098826896,-1.7454874625316297,-2.1691137715565247,-1.0860026409452337,0.3690556681395274,1
-0.5836044068442504,-2.8288908963495625,2.9669459994815144,-3.704219192140143,1.9194140486650628,-2.341632761193136,-1.119186332161369,1.897045805102409,6.625638165721713,-0.5462432811392223,1.3579401556508528,1.5508705610336082,0
-0.2046605741391984,-4.740969129179836,-1.3088874331941605,-1.449905196732368,-1.0116853518486748,2.0938182517382504,-1.8913041522302132,3.5247753585809867,2.0779437082410435,-0.1799819052397013,0.5336354278050836,0.122731858295604,1
1.422950914811245,-3.959908814447368,4.621154007477168,-4.766398685185802,-1.6929908477621365,2.420954531192945,-0.4497711417525398,2.219821852121859,10.825172881156709,-3.1887928313024525,1.287889402212542,1.4109308624015882,1
1.5812259277866507,-2.739286099211777,2.3257887022092545,-3.438564517402964,0.4405118864426984,-0.1995271969544214,-0.8233136364531594,-0.0655486550378448,5.871814276720685,-1.5719252782737698,-0.5708573143723126,2.489634621076295,1
-3.0364254828180286,1.840037731171985,0.2938165919336855,1.91443150700888,1.681045175537755,-2.4323106290320253,0.0868116661604037,0.6701761716885314,0.6271541721739458,-0.2381384417067171,1.7773360546128691,2.1992025523916845,0
2.633488050682585,0.3697128332152507,1.371610986568704,3.4360394903035125,-1.7222178580218035,1.4611121606647832,-1.0928823142542785,2.9134736330290694,-1.0044405786612949,-0.149227858841026,-0.5361858434404991,-2.793148950858188,0
-1.204373608963389,-1.1441526806814768,1.802783240057722,-0.4812835592995226,2.09662797908693,-1.8804221094101516,0.9980452216359774,1.6734474322776645,4.1551542697227095,-0.8200963576555639,0.1700581915439161,1.814829703273915,0
1.2930144396331815,0.5753375759590934,-0.8353836073067655,-2.462750102377427,1.689940213376957,-2.3109585243054576,1.1466127310885956,3.431614501136934,3.955327156620617,-5.170401603145073,0.4541618495101983,-0.8101871518214838,0
-1.3573995965656076,0.4529600233611697,-1.615593614732581,-1.745283120419039,-2.2428480713974444,1.3272386155171576,0.4829260540400925,0.2678120343133416,-0.9602417630444948,0.0164508281951032,1.246812460894594,-1.4596353255996526,1
-3.326567796368102,3.609784791549544,-0.245847588632571,1.2418996857049542,-0.3934822117652052,2.5803016570492465,0.8344010299778987,0.1381205784424912,1.873842936840572,-3.54400586254454,1.40297694479464,-1.97617028779333,1
1.2185381575584762,0.3730940138279809,1.677211476845378,2.3540800337647987,-0.4554413087789638,1.4953052820543469,-0.3303579665768744,1.882435329594047,0.9478901871731176,-0.9036934081307182,1.2273306300517688,-2.123303199356605,0
-2.2569011738537084,0.5108942207183971,-3.088751680174356,-0.5287332776313213,0.6754524989986237,0.9753498737354646,-1.1091794598869618,0.1116199314468697,-0.8870798754685778,-1.735194175758905,-0.2658509234843536,-0.8334114936846704,1
1.6878478164099568,-4.278357151767155,3.668584934056554,-3.489202782142362,-0.1944516641462192,1.479464344584288,-0.1474659029647874,0.9638596399575194,7.965709220347477,-1.4575924207897408,-0.9712568138892318,1.930529262671944,1
-1.314577200123439,0.0728082196872706,1.0012777998322018,-1.5369424123318314,0.3784700562862084,-0.8040526503466745,0.1399648109234847,-0.1003976794220449,2.872600551805455,-0.7535334262869715,0.460307515541502,1.432511917921846,0
-1.3698047759527636,-4.70823799800864,0.187859930058134,-0.0384610143784609,3.1176986652054013,2.2539593476964246,1.676003132097328,1.6444390164401663,5.392504893258847,-1.953533300967122,-0.1829173739362919,1.8227004888885148,0
3.182075805841265,0.4564998918535205,1.7205623802055734,-0.9782444300502788,-4.071731778810447,1.0313667646355524,1.8904921616769788,1.3556003797629608,3.3960474932483784,-2.930798416023933,0.8403431504004094,1.883015308406637,1
1.653217970893203,-2.568773516664058,3.900150798776595,-4.57785726599351,0.0375275327444306,0.5266690074024387,-1.2076403034047432,0.0702705498046609,9.144410986295524,-3.165137912839414,0.6889991893625707,2.510001643011437,1
0.7729195622947108,1.7814268138830576,1.740738580273247,2.9746663918978737,-1.2680105327242932,1.1739345302698498,2.323307455808101,1.1676584037504816,0.0718683769472576,-0.5767859614908002,0.4782608887275297,-1.4073899334412512,0
-2.368055543475428,2.9303487462623616,-1.1360109371208122,-1.6171756471238028,0.5928963018964851,-2.183389932009753,0.6552247474263606,2.3707690075345638,3.2523208057426864,-4.921372264994151,-0.0815463558693569,0.4287200699868538,0
2.594093508601052,-4.055996052964127,1.942239825134708,-1.6294793727161567,0.2664126673526084,0.3363616948696972,0.4379565068489566,-0.0259715074878608,4.483714365789661,-0.5170333183180433,1.0242302339272182,3.856783300192409,1
2.177606278245141,0.8449186163063088,2.23151861814349,-1.2118415939995633,-4.437511389776517,1.2700456708996446,1.0547071575436449,1.3920092470471956,4.065459044889568,-2.757510366083599,-0.2381248383449746,1.660876499344602,1
-1.210127382286631,-2.789895501418684,-3.1897649483846435,-1.1548497092923795,-1.0300113045168895,1.335627554308546,0.5264659732545512,0.9040528975026574,-1.8566452051532003,1.1987538306538852,-0.3155552621922961,0.4722793082564509,1
-1.7929551220831308,0.250313875885521,0.1134892676707042,-0.4348872180901697,-1.0634319847602458,1.8938418463227291,0.2862512713007761,1.8822274938261088,1.4654100121446023,-0.8907999621806617,-0.9469809445329792,-2.6742470255135977,1
0.1824255854591983,-1.930925600045472,4.7502321255115385,-1.2783322249630666,2.1407628784532537,-2.636002793878334,0.0305500793637113,2.4074745144584595,6.351302318096278,0.0644497862785253,0.5274474611171005,0.9277099452027704,0
1.5490653730753094,-6.888975494476403,-4.6611328697199506,-4.511731678004262,0.1731096662278073,0.8631922369261573,0.5808240946462814,0.8986835143536918,-1.0211496362061565,-0.4601511382799587,0.721511738088822,2.91303793851031,1
1.227914476884934,2.2538777254553617,1.3075257019781013,0.5866184586437057,-0.2087752534987956,0.2988721199240145,1.0365242704061233,-0.3750654832492168,1.150494946608552,-2.121707074554466,2.4378782869737567,-1.055144234261597,0
-1.1604185808994556,3.543666640165032,0.001167542468949,-1.4451924292302958,-0.5922701558943404,-2.8207741922519807,0.1814957675006944,-0.6968087385623951,0.0283372275927111,-1.0721227692488948,0.0026498940005552,0.8192478994926478,0
-1.486435334139554,1.4226284955485808,1.620180822976863,-0.5054400307698937,-1.99884536916056,2.1617970812588925,-1.2127942470685584,0.8846263575695895,2.056517403138228,-0.6811727225270654,-2.4373909361371995,-2.7940726553700603,1
-0.4383953535400779,3.4777332472788305,2.3842292762646298,4.13021049428389,-1.1615271666288405,0.0269934532480122,-0.9297695193265598,1.412230809065773,0.3628049184517854,-0.7937478116593893,0.7405846707308918,-0.4818022241637917,0
1.3101011993226392,1.7950000218778703,3.528476492391885,-3.283957691340148,-1.9819361920794287,-0.285263442249839,-0.2746970396646077,-0.6670916938329832,6.160608673789682,-3.2889697138371963,0.4033920801005576,1.4832033605875148,1
1.7442515352570012,3.075374755981547,1.3082197961216282,4.755933262005778,-2.3318012950152496,0.1972559759240766,-0.6731199974909797,2.4835209127958917,-1.9104045750408505,-0.6290328863228946,-0.0863375903479141,-1.4231685333380504,0
-0.263592084757956,-0.8374999146827016,-1.3258604774634828,-3.197204851293028,-1.2086318203934618,1.029560012458696,-1.6673057026953713,2.5495586896607083,0.9178027979375388,-1.365551795340846,1.452653078384693,-3.8525774112730153,1
-0.9783837023214808,-1.716621083453217,1.982592091101764,-2.1314524492444846,0.965651859838736,0.6034009312456932,1.4441122031312543,1.0935398718678997,5.950645465418828,-2.00102938534898,-0.714768528809567,0.7941301748460227,0
-1.52001401200356,1.5673760544097386,-1.850393407579868,-1.7530907745492594,-1.753930334177236,2.484669243206338,-0.2986780630449248,0.6307502876671925,1.2091503830836687,-3.369971684716826,0.7089483327900522,-2.0942258161785032,1
-0.8012549409868507,1.4147283078366342,-2.60520631527056,-2.9939865519467173,0.0808385525952539,1.4223846463430976,0.174518069496808,0.1248745807960178,1.512721828526742,-4.597479070480823,0.5528956075123845,-2.328155284376735,1
1.1436556876736188,-2.005155061925341,1.4062443910858216,-2.6109146148730744,3.202945013637669,-3.758956401465464,1.4171536838325338,4.341993830737527,5.928521055983711,-3.4328908224465104,-0.0378802341397623,0.3700840939315859,0
-3.204137033755699,-4.312917125407175,0.6719796982121391,0.9597280714024868,3.5395080738359703,0.11434841532776,-0.8776223901494906,3.640220182463583,6.750103627902382,-2.130067691396963,0.5547320688485579,4.071152298915769,0
1.7245538127191231,-2.287156232901705,2.710122053943701,0.2409526929564125,-0.0201679096889735,1.6829507994709794,-1.4278724331585984,2.244522847312049,3.368910850114574,-0.3426756592121722,0.4646583318106864,-1.863921771656556,0
1.5191536268467132,-1.4344073754945437,1.929250572672694,0.6394455443640256,-0.0477186548552222,1.44125110482461,0.1506453788187591,1.535365199695106,1.101115164116184,0.5786483072276336,0.9683065132599682,-2.7691167759381026,0
3.8594997590898377,-0.5355339055054609,4.714090802408778,1.6421517657981304,2.3103461262882763,0.3884133488365349,0.1035340507037336,-2.269067453904371,1.6235918186005325,1.147012989198461,0.1298985375962573,-1.4208928395456275,0
-2.754833585959428,3.664458565860937,-1.3668610234095773,-0.8818495364230953,-2.684205144998515,0.8613379940461667,0.9470783769778838,0.6899225951856571,-1.5812160733152516,-0.7882190671882523,-2.4373909361371995,-3.413844969946228,1
-0.9209106278186882,-0.315056529877966,1.207210623806456,-3.772184835882828,0.4431636756080364,-1.5459824237442612,0.3284938623965837,-0.1081697707354369,3.632859989522084,-0.7623449920435597,1.2252903058497304,0.6514889351240364,0
0.1090350876675292,-1.2227798727931731,4.802726530591967,-3.424775201394525,-0.5582792495116348,-1.4781163455213626,-0.8093612322506667,-1.419472584700293,4.134325723005103,2.4651378231216063,0.7987506112347709,1.089103592951236,1
-1.7757132990550824,-0.7548134725425985,-0.2912197758274606,0.3415493288000302,-0.3763090230640447,2.688653897219232,-0.1358980103655269,0.7544025035296378,0.7727951420679448,-0.1428634422760972,-1.9212743980566145,-1.7569207830684883,1
-2.201216721563756,0.1097719804434031,1.7537481933834138,-0.8110141563744605,-0.0136563887840619,1.2596538910316863,0.6400875254367353,0.0784862906916503,4.6999531116249145,-1.7260308337724586,-1.0157443230993222,1.1475466630292968,0
0.8711437036370988,0.3934071180940351,0.2403625351760712,0.8546386647852988,2.458226834104047,-4.200519136592301,-1.078732899200186,1.9152400877421811,0.0791096421060368,-0.6068363382016966,0.8431672040012158,1.169608711845496,0
0.6880995609177725,1.9731617629835905,2.10460048870422,-2.465503828061447,-2.198163186545015,1.0696597249495492,-0.158176825607378,-0.0376412195231825,4.47216570871852,-3.3649843111019413,0.637458993104977,-0.547199052570573,1
2.147867598791334,-0.6382704574801833,1.9351800170807445,2.029887619999203,-1.4493923795951271,3.0722444389606838,0.2752044947303839,0.7012766716712442,1.0896575740056564,-0.4254282794803368,-1.2349418932803498,-1.4674743247206703,0
-3.100948598969832,-1.628063243010042,-0.836211735808736,2.6170701366597524,-0.5750532962499512,2.8309126774626745,-1.4520547569226223,1.4420063232376976,-1.4713021449950463,2.3822566645455816,-0.1688978441238236,-1.0707989958016162,1
0.4828151476319415,-1.750732392218748,0.9357566774269044,0.9768154172104028,3.097327771848043,-1.0629425983737124,-0.8917758310250058,2.5613616353864925,3.4181390080790006,-2.110587482581729,-2.106283817033566,0.6294439267523256,0
1.886244835569693,1.9202222569174991,0.7405178539858464,0.0535317279755811,-4.526530757534868,2.2875484601975096,-0.0695755987663637,1.469046725407657,1.2321623797677623,-2.6025786394706163,1.6970546597239866,-0.9414255909604554,1
-2.9485599467894508,0.7988100411730531,-4.6611328697199506,-0.6288518892400512,0.4946475556109495,1.622939035861189,0.690599871426835,-0.3114366706660905,-1.6372171931199078,-4.494969312338571,1.757644632153533,1.7199005000274237,1
1.3160155901032942,-1.4173208188081836,4.383150546573637,-0.8577477306668069,1.287089185437706,-0.6194311619794699,0.5597047755339797,1.1002818012544,4.384465304214467,0.4571788551291635,1.427306777825868,-1.3522638857889395,0
-1.834859400862008,1.7169546050046451,-0.0006183169940798,-0.4972715590070109,0.7578676710624342,-1.2198502739058206,1.583650556092384,0.6527725256748407,1.9375712328778028,-2.057017765329173,0.4149289090687095,0.5249357609022288,0
2.43196510744749,1.3630551174502388,0.8068806234098831,2.535628430960057,-2.2402185422637984,1.332122088213597,-0.5158187306290744,2.1315899446704805,-1.1850502567111685,-0.8205020543076808,-0.9250837432291324,-2.594290021470889,0
3.459773666256591,-1.089456464562504,1.802362411735774,3.825552430967007,-1.1374627626659886,1.3816042232897578,-0.7184714212745327,3.430399107841662,-1.2282206732599443,0.9136126666435348,1.5791355962599036,-3.0921644568040723,0
0.6778245930230039,1.1717637813864896,-1.4483325942384502,2.501891100209177,-4.694286419025257,2.558365942820121,-0.0341666308902523,4.74717138070286,-1.1323634981959865,-2.128403075363658,-0.7977296704899891,-1.862290765435881,0
3.3878985052925747,-2.757900704935983,1.4732426161495848,-1.2932821097133984,-1.068506081103869,1.1652004857432354,-0.5867099081487872,0.3127781923412893,3.4131067159892403,-1.3571935529307668,0.0968800078485531,2.214505717886507,1
-1.0894623044104794,6.827476122781051,-0.4727703326352153,-2.306134970137414,-1.4639961157571326,-3.633583558855245,0.4101933700471635,-0.8679288460131893,-0.9527422307803683,-2.6315322969848607,-1.0486680308803842,-1.4066639026045995,0
3.199867159145401,-1.6257233568006884,2.975911644012499,-3.092114578384753,-0.7386666965744415,-0.5003389117457706,-0.5727471030753731,-0.5794300829368646,5.997350717532233,-2.385865763066534,-0.4545080473542745,3.645455925756136,1
-1.3724875938663366,2.7623195101315847,-1.3435651703575746,-2.763392345587248,-2.595235211898883,-0.2093769595388572,1.4001357111325068,1.7937958571000323,0.5422186861804217,-2.533173525835913,-0.2073489934383459,-2.4817552764522697,1
0.8240630809878917,-8.126580402982636,-2.621569432332719,-1.2956131251036442,1.5881570404240026,3.9792604115427386,-1.0744135486632826,-0.0450921195839,1.4260138946298162,0.6840921290105215,-0.9929943535717296,2.5975006159235834,1
0.2196708060666614,-4.056865505383772,-0.8550939062444348,-1.9476172641429408,-0.0083972955412074,1.1361801075695723,1.052337940046418,2.076017206596566,1.1820149657344443,0.6446792618322958,-2.4373909361371995,-0.7209017309160334,1
0.6598430568935907,-3.195294143910504,0.6843818347714239,-3.934878190918357,2.1281253661716115,-1.3672489302179542,-0.3189783023385535,1.8006962783490097,5.096847612104024,-1.9777481676884665,-1.3928512565683009,0.6031813873491247,0
1.799007223921635,2.910444884262014,1.3460808668058126,4.755933262005778,-0.5975896118475608,0.5207134933147053,0.1172220902356754,1.082955022751821,-2.846188682767115,0.0974640975342147,-0.1663889394664263,-2.479838820855081,0
-0.1401640682029903,-3.6519002637897406,0.5452525206181038,-0.605765916276117,-0.2124685474466201,0.8196076442306892,-0.5210329285878214,1.4554703014501087,2.269183399905563,0.9475685368197336,0.080219098999142,1.871761938108318,1
-2.234632835583147,0.564674659683364,0.2753456778441752,0.1030080780886122,1.832729472892158,-1.0743865745602466,1.0414062955191252,2.805931515858943,4.642214171450434,-3.874442154247181,-1.8285963163439416,1.2232268205059824,0
-0.7702116417562727,-3.1070727072901803,1.5627361026849758,-1.4432169574042073,2.266049217305248,-0.2900653547698111,-1.080986415774058,1.443058790126803,5.158509562283378,-0.973907040529372,-0.5752862450859605,1.6346909287514275,0
-1.6998602485303205,2.793774765525234,0.874844102924303,0.5290142697955078,-1.3010526616335567,-0.0044290361069874,-0.2147032826866305,1.624535009427952,1.1359107212842,-1.4058016650826115,1.4676936638675533,-1.6660884841816457,0
-1.7662740189123167,-1.770018716496845,1.6974984389887295,1.6169082375776296,2.545148649336662,0.2394226496883242,0.8787341730031907,2.148666926075053,4.678293611013159,-1.503086733306654,-0.5515004059896605,1.6916058693923723,0
1.5733726280948626,4.628337735619176,0.0869784262179056,-0.0512580184458864,-3.0725003675494653,0.0691719282551488,-1.3978120024846332,-0.8794699860530861,-0.8306711402344379,-2.660002878435756,-1.870440889429356,-0.8080487935768748,1
-0.0402437314734409,-0.1261084328467307,0.7075681362242956,-0.6843657271480721,-1.7225117727067023,2.0043961874134038,-0.0006525420970196,1.0393278863142807,1.8731904553491887,-1.0561565252394447,-0.6465282198191907,-1.3405993200507949,1
1.224834784523701,3.2369998776067543,0.595369437206143,3.576510119170146,-2.662941307955392,0.808750290950738,-0.3340927753421187,1.895352803282238,-1.4410728336791427,-1.4510527741171364,-0.2500469918311598,-1.369892015453481,0
2.769102140605156,-0.0226870467320675,0.5957622020886739,1.1572825583447106,-2.472520074434823,0.8178727254418003,-1.219101207511043,3.1090338576425243,-1.079999909141824,-0.0999238248018794,-1.4725355168600325,-3.015634164153865,0
-2.522642306127605,0.8398302807331113,2.1573319371766218,-1.7114351314667555,0.4869416719587235,-1.5060719920244428,-1.5779646742033726,1.070292397922232,5.015482690303378,-1.5617944341278884,0.0050870321814767,1.4552265984958177,0
0.9057198041020692,-4.041020905455915,0.3911251646562141,-0.950753283812544,0.6046867997686207,0.9643417613993794,-0.2759501653923653,0.8350660766925596,2.0921628491642337,0.6373630432471464,0.0274971687722279,1.2688494095561265,1
2.0744594484244447,-4.308171257734175,3.055469551642304,-3.4341091931523384,0.1909465762657183,0.8480745430853294,-0.7412071352020831,0.5765258404768964,7.280936400131083,-1.5109347162094855,2.2208706069728894,2.7432150937317807,1
-1.4875617987665015,2.11536023234863,-1.7981267239105303,-2.6886020931789494,-2.298634292665922,-0.330177620905955,-0.113683675189104,1.4759173808685784,-1.2333345148816062,-0.7872741406079072,0.0681206468487992,-3.2892852674955035,1
-0.3042918110133801,-1.1073238856777488,1.854877859890259,-1.3242846990476729,-1.4395509874429864,2.84871375904817,-2.1854877358542915,2.122239919057856,4.086030657947379,-1.4170670338515383,1.24572143599428,-2.646739950304977,1
-0.7591678857051275,-3.653525780906468,-0.8344727586213865,-1.423725612902702,-1.7547318278732276,-0.3566899296718935,0.0601360557162574,4.218317348494995,0.4984328915165679,1.7963369300575915,0.9684414083475944,0.2162240715821159,1
-1.6690202302010109,2.1273573803168504,1.024127284599452,-2.2274341615598967,0.3213646391066573,-3.2067698219690577,-0.2525273268108657,0.857166823212404,2.8230658040139405,-1.576615877562788,-0.1902212821372817,1.0073001520164653,0
-0.2791553941564193,-2.974191738482063,3.1629331671566696,-3.671360298534176,1.9007179730018933,-2.196971416774214,-0.0587669209521438,1.7771463291957788,6.5309630607670695,-0.3265531504679924,0.2103571393713612,1.321224974246088,0
-3.812066188356871,6.957196731326988,-1.1190737621980478,-0.6649719380449199,-3.125561821494035,-0.762823088296579,0.0250544720396603,1.465468856727871,-1.7395557420081125,-2.019312643244448,-0.0793287591420487,-3.8540143067421684,1
-2.380725568774793,2.685846987432099,-3.4131995932783634,-1.7810806353761248,-1.702073774166926,-0.8833183260012514,-1.0469130963437856,-0.154866352209491,-3.9884574617613344,0.4258982788925056,-0.6686221139754661,-2.1860868559870688,1
0.9207632144960978,-8.801325234088857,3.4522205209852883,-3.1575645246778747,-0.0211001390362328,2.981203005875118,-0.7254584925649787,4.00867012233658,9.289993394604029,0.4628257043834936,0.5376198035195892,2.574219438695466,1
-2.118634893164765,3.2130236343677323,-3.132320031230028,-1.8217133007688708,-2.9252961246700417,0.6730499007183921,-0.8607014691119899,-1.6813510451710276,-2.806099008424262,-0.8591202025003785,-1.0361587419819167,-0.3329973466333817,1
4.650839078358301,-8.302226540841628,0.2368863620979149,0.0635650889886974,-0.3821041754312126,1.346286033524669,0.3820530357595388,2.3000887221608703,3.3537291931780424,0.1650702847037348,2.264614030757832,5.054729473993359,1
-0.7335170196660378,-1.5805153341391314,-0.901830618715478,-1.856473325812344,-1.024712556300966,0.5036452671252231,0.5288005101180483,2.7671587118155445,1.5581731960403795,-0.8684638954707933,0.2051029824506519,-0.9365332745289828,1
-0.0510351275574334,0.08808925183244,2.210595506349028,0.1726892143263416,-1.6622232264513552,0.4725059003619064,0.2977035288147863,3.0226715908454653,3.657136836324021,-1.4685779807764838,-0.8238573900296764,-0.3093197093945337,0
2.6803528211241154,1.0135631720441656,0.787301568434446,2.215871367186539,-2.2339907392363307,1.6258107686313543,0.4418405449358343,1.9524669075132828,-0.1820187891092489,-1.6430519384765137,1.6268115667010894,-1.649979358622346,0
-1.537156588863918,-3.2973322749370046,2.872124436675187,-1.2037940872298756,-1.4361443560862035,2.338783089371236,-0.6187879312549064,2.670041188154604,4.345990446016402,1.6368081956297391,1.5033490643257603,-1.2771720911641204,1
-3.3103052748336195,-1.1123822050343786,1.653580682554998,-1.3030946632398757,2.0576192652351946,-2.0795889156369745,2.323307455808101,4.464792748812524,8.044133708399746,-3.7736793576013135,-1.5529698057375536,2.795147987536963,0
0.0486669861478612,-2.500215108546853,4.152941511677579,-2.015680105812729,0.7406738713463392,-0.494503310774782,0.2216413718030646,-1.3820142900322328,3.973293799161922,2.4651378231216063,-1.732859642940349,1.545922591010596,0
-4.128125485706294,-1.975245786500952,3.944518145324453,-0.0859443812099252,0.4275262390875126,1.8816134364653412,-0.5847270357728331,-0.3578036039381955,6.66496603786305,0.9455887126392852,-1.7672852040015992,3.198594636824508,0
-1.5467349981744385,1.327290735303901,-0.3254652630625578,-1.7935893008156307,-1.8630262714565544,0.4537881756521571,-0.2176341069095591,2.095459966741833,0.2137120474685918,-0.4991993411533886,-0.8440091845121377,-3.7014515702833344,1
3.071815365839738,-8.801325234088857,1.5647329358916773,-1.0483357285128958,0.1003616970921015,2.641379475916469,-0.9980256063249588,3.344771269348949,6.229153606499006,0.0317696807647807,-0.268800897457415,4.251844660371583,1
2.069896128268572,1.5398154774189017,-0.5564530981455964,2.0927923091323923,-2.9206944457711974,3.078094821753738,0.7868248143911597,1.7998594289065095,0.7584393983903124,-4.052594033698671,-0.527435514528596,-0.6136106759444695,0
-0.4356593116572742,6.957196731326988,-1.6986992950632245,4.755933262005778,-4.608500586218302,0.6487741722128927,0.2256059199178341,2.2737835903900203,-3.9069113674045073,-3.497882830574582,-1.5979436518851875,-1.4173598961378364,0
1.1890442024126606,2.004619573572748,1.9396828724685051,-0.2919233993174817,-2.3564971521492715,0.1354692718271093,-2.276384329733397,0.5062156255981713,1.2810218357260106,-0.962395769392696,-0.2679092483655564,-0.8874282498564259,0
1.635501226334711,-4.376678680515265,5.001600166585203,-3.854251421057296,1.7864648359663913,-1.10280531408712,0.2819980448959579,0.7972698954611585,7.354730695993759,1.229992819684675,1.442855069811284,0.3783300365387116,0
-2.673758645825408,2.387684077450558,-4.6611328697199506,-1.9819554287717631,-1.043341838596128,0.5145374354430998,0.5405201893489707,2.0687204684485754,-0.9897019823232126,-4.991314656966572,0.6286697815821929,-1.3871290993878274,1
0.2667094684115658,-6.9274031542464405,5.001600166585203,-5.485380099891241,2.1326524941847924,0.780855359483364,1.124506338167284,0.6352451347493816,11.48433655650405,-0.4371138821613294,-2.332545341252876,2.602668908009445,1
0.0700030319180351,0.9571510712124522,0.3352312369647601,1.3610623660221497,-2.489220783735954,1.667895049825681,-0.4477489222573484,2.7408848445769745,0.8946364453509656,-1.6533052610555874,-1.880671344255426,-1.3250416842878472,0
-0.3858207944402352,1.7910027451025463,-0.1865425715875295,-1.1394925410468195,0.5543683640258019,-1.599429199389624,1.3177643650776008,0.4416287739621169,1.3395043849635049,-2.27260846281399,0.2689637469889793,0.0180263353254581,0
-1.9259085341295077,2.333694832317552,1.9456103197199264,-3.896249450119563,-0.9689067285427816,-2.609932510149481,-1.2537425388961907,0.1074874822406537,4.100786099481037,-1.414697394508155,0.2167333630442708,0.9209092323291712,0
0.7577359148615764,3.988409494599492,-0.7738024473730287,3.336606008592748,-3.144653529751459,3.0694235037031885,-0.4188676556085091,0.2978767867297638,-1.018429773145693,-3.625727763635912,0.1236344670203602,-0.861723501714743,0
-3.011452158742413,3.3140707392851265,-1.0098077365583866,0.2048871666006573,-1.4345269381340016,1.26660568337112,-0.1762379500120272,0.768745379693567,0.5944064903799567,-2.546529389189118,0.1481213143391032,-1.5382986734894015,1
0.3201936432441588,-2.593888572543248,-0.1944367415138383,1.3646492250507198,-0.5665311918613203,0.5247504554444732,1.3334002343327247,0.7865933274136296,-1.8085121439060416,2.4651378231216063,-1.3714133622209317,0.7821205551184355,1
2.5599941321572937,-1.7052588599788052,2.976785763214492,0.6803588865337765,0.8516367529777784,1.5415797978545591,1.0231471042956557,1.247342031633416,3.7643893236328574,-1.3712684418946075,0.7308791674324757,-1.2572045851315743,0
-2.024916716372454,-3.277200098874668,-0.947753634414434,1.515817373106759,1.093063032498531,3.735906501851448,-0.3326211568709526,2.001859945162035,1.5407406200475953,-0.3478497781528176,0.3164016807942852,-1.1409910006849715,1
-1.929132623980504,0.4283537308258733,1.929574269568734,-0.7713573071576215,0.8788635809374823,-1.218432931105526,0.0511911199798978,1.1843062763901442,4.316816647357169,-1.413229276813338,-0.7376424334574151,1.3086962892558889,0
-0.1021084960098035,-3.4507705233419936,-0.5201334864071129,-2.0057980987682478,-1.2355925888635635,-0.1253870848912541,-0.2919941777158272,2.502168949027564,0.2264017703028878,2.038931668196131,0.4726736170034433,-0.2000896131790932,1
1.2339956072914648,4.271104438197381,-0.0378716614535052,1.8591697738031183,-1.8616153542405296,2.802479218734732,-0.219464097344764,-1.916382942335138,-0.1570086033919273,-3.8537621195272593,-0.2358277632457291,-1.0497074184307842,0
-3.268084656394965,3.1348630131838697,-1.7024677097173857,-0.9487982477031668,-0.4417532900432104,-2.212542372090316,1.0413219796935618,0.0049626660828778,0.4524869194708587,-2.076184177965268,0.7548661997734214,2.4920322410228586,0
-1.9379983097644,0.4402239086200629,-2.997289715057595,-1.8258860745121053,-2.8876901947798155,0.8392267929472782,2.323307455808101,2.3985298258149053,-1.5676682159242503,-0.5535766143220069,1.5442250926786925,-1.955910440581905,1
3.1374015329651685,-1.6470015993779552,-0.6649639856978524,1.6864461334821654,-3.3776912246241664,4.404951025392741,1.6059040565382805,3.0823877365453805,1.3882694474604766,-3.420224336711813,0.4748973243823917,-1.6296086712411224,0
-2.488893599586076,4.234272459510759,-2.416822508631164,-1.7491351964014212,-2.4534240666021514,0.695723172195514,-2.133837287998371,0.263223416031372,-0.9455248783965372,-2.836206941310873,-1.5953508922586457,-2.556493105600984,1
-0.8670781028822492,2.8626540431406062,-1.8781341011343755,-0.4394553203388052,0.101663778401448,-0.6460087438924716,0.7471359032087463,0.1827536614079159,0.1682068922261213,-3.5621756150988784,0.3476322610575045,-0.0677510435106647,0
2.2588658776663824,-0.1440594887633465,0.1980887940557234,1.819783901479836,-3.9152193417338728,2.0877181296393674,-0.0630687771063667,4.150577085276769,0.2533735831600616,-1.5853622170597603,1.828146799309826,-1.394118710956004,0
0.948809296918811,1.3219215078188686,0.5625148986088512,1.7095400185702443,-2.6928550176799257,2.590442979034787,-0.7198910287227387,1.978786771230877,1.361048983317202,-2.6725870784646317,-0.1022067709514171,-1.078072466036043,0
0.2949908766541027,-1.422227349491924,4.229471228519008,-5.38227828408332,0.260103807081407,-2.4787723368205867,-1.0433387015436015,-0.8837808637357414,4.888445938415479,1.804104623441636,0.7842113034423567,0.1908838791376155,0
-0.1136357094263593,2.462250524440866,2.0629908178591805,-2.018167463478671,-1.203045018341475,-1.7184494604957097,0.8838485360207424,-1.7793885331648958,1.0343488059026176,0.426844178612596,0.206958901084286,0.4036958525262403,0
2.369987806973989,-1.5619127279595333,2.048390212817498,-1.9788914562794664,-0.5604003861677145,0.2615106752896501,0.5902271817774498,1.7119204960833767,3.0601781014306475,-0.8437000546125613,0.3457607517434657,-1.6762737942136343,0
-2.14601560035489,2.7058209267099995,-1.0636848664540397,-1.3038539362610264,-1.9998699895862644,0.1673764617748374,-2.276384329733397,0.6496867924183939,-0.6048359051191629,-0.9439828952389404,-2.4373909361371995,-2.059813525066587,1
-1.5442536916101317,4.062426009611373,-2.0382897850418584,-2.826925886767678,-1.2807591953741562,0.5900024327060964,-0.5141866063411972,-1.3449614096376092,-0.3223357589256342,-3.255752790834345,-0.4045501249425263,-2.6631197713489168,1
-1.5954535250228703,0.9096385255547396,-3.959572329296508,-2.01096298575186,-1.1257883097140773,2.246557031782502,0.0620231779567264,1.1894094423051176,1.951333683519544,-5.170401603145073,-0.9833548570347044,0.320068551310785,1
1.087318287604396,-3.948582400892692,1.132104488963682,0.4789583668473491,-2.060038329093113,2.9979693202495774,-0.070434829577427,2.7494419034175803,1.8429726240031843,1.1126058733256512,-1.0699305655958893,-0.3865773517263069,1
1.6288710252048015,-1.4988057602935605,1.542345879872223,-3.5444676886040085,1.6945912677919448,-3.841981586020822,2.32246143364015,1.6910075699856657,3.525942815239892,-0.8636499993284134,-1.4433294454101373,0.7470737503147665,1
3.481564764670127,-6.343335628411076,4.4945972475727,-1.604614693295718,0.1262045652307197,3.385798361806959,-0.4987728423331786,1.548761333071672,6.32967360834769,0.7144151175669435,-0.5375373018473193,-0.8403658313695203,0
1.4192212989577178,4.310559886945787,-1.0261145230501434,4.247582948716344,-4.694286419025257,1.427390030503686,0.2491564415434541,2.660418255557317,-3.9884574617613344,-1.4540212403125807,0.4721747695624056,-2.343250870573474,0
-0.0094049485739335,-1.9436922547781443,1.3229157146515818,-2.23004653337033,0.7442508876008298,-0.326566923892166,1.2885323390484889,-0.0052318859258679,4.285593200179712,-1.0401514803985694,-0.72879661443714,2.3610661112436544,1
-0.4533279110892194,-4.077897134463781,-0.08181948495611,-0.2146711039716258,0.6013619862121589,4.404951025392741,1.5708571497571997,2.2364978108818003,4.773561046044024,-2.736911283819856,-1.5237428349663642,-1.3830740194188988,1
-0.5670543277610255,-0.7685721111073455,-1.685465091537488,-2.858613050532024,-1.6299244747305932,1.5657799993536543,-1.3624824899215435,2.227032615176409,1.7533182232901163,-2.415371526054186,-1.213529448090802,-1.907069756086188,1
-2.0093972090016945,3.4598153198977077,-2.9573842606824687,-2.77506413910034,-3.397044933363399,-1.2000032810246584,-1.5506967005485424,0.9012721592327178,-2.415857474177301,-1.072243237479635,0.1574747953488598,-1.4992880989939268,1
-1.8986677036291717,4.063287065144499,0.2190882858904539,-1.0917441495771665,-2.995473353990598,3.963739652400437,0.3109712139127145,0.1796881137857788,3.50916123034766,-5.17012009531607,0.3185560484655797,-2.910488174995241,1
1.10791128571909,3.3914266006593468,1.1086072329100811,2.0463101721903643,-1.3744168286499063,1.0165459077263783,-1.008229174454878,-0.0713630115241421,0.2845054362715126,-2.428604685606622,-1.63846384826483,-1.121614199556439,0
-3.632173325555812,0.1540073089583478,0.6851267346940848,0.3415779177454536,1.675634612990724,-1.4792683350072928,-1.1470108150440823,2.662406353666212,4.882244765031245,-2.544977866208647,0.9581361576114048,2.773573220495185,0
3.864283183808265,-5.992981758502552,0.0456182015842661,-1.0108976849062496,-0.3772582018749808,2.734511658117084,0.8522698495186962,2.07686504394427,4.704898348339328,-2.588959913734588,-1.5141418185648257,3.273401429571816,1
-0.7139348221129772,0.2565534095795493,1.9800939816751533,-1.7719576780578636,0.9325650572271432,-2.820450391610834,-0.1175714636760652,1.1116440396262224,3.51483291661762,-0.6761497923206946,-0.0239905097163926,1.3257909550550315,0
-2.0578044136487774,2.6304370966981407,-0.7021510256838469,-0.7605103953036226,-2.1002847185152795,1.4419673130515238,1.2462262543406255,-0.0472976164538632,0.3128208587929247,-1.6344178583865927,1.5512811989013504,-1.4001863659466036,1
1.3134393665485855,-8.801325234088857,-1.2787677628122602,-1.971149402268876,0.6631126415723965,3.5074561389205483,1.0437189455424534,4.344812431301099,4.058352604801168,-0.3454441468468494,0.9330835770651807,0.4492979494729801,1
3.320437769353709,-5.713899432377579,2.669691957754008,-2.4181685209464945,-1.3722894487801909,3.034853698194431,-0.447146247882281,2.146862862387819,7.03284278895345,-1.7610294571367116,-0.8971316871557299,1.95810306444038,1
3.310825754149,-0.469006267129868,-1.166185474749914,2.027654381121205,-3.11899378787702,0.8471139224074021,-0.5863450442592476,1.1309109996993063,-2.3444721288310277,-0.3274460487436055,0.878764961659954,1.9192882732794767,1
1.8406736805278845,2.462918588209737,-0.3360655915132007,-1.9941014178113372,0.2781343653381407,-2.9976529744454723,0.3642300583452601,-0.9987234953854154,-1.4953806468912918,-0.7887315236080522,-0.127520651789475,-1.1032187751619755,0
-3.273078272964953,3.1128681858439697,-3.482860707307552,-0.4274242889501516,-2.3486002495992526,-0.1608152963370177,-0.9183754733828362,0.4527700437711927,-3.9880377178513977,0.1459616751651933,-0.1817679867480787,-1.6290320981071524,1
0.0190550267568279,1.8870694179915444,0.1574679745578979,0.7435452077125007,-3.455368955931521,1.6305994527179533,0.4515504262525724,1.6729707582763484,0.0384927563531235,-1.2613948949996656,-0.1907300864040188,-1.2611648739704,1
1.3594016968988685,2.826169247965395,0.8593338062914684,3.739146470149647,-2.9067572023823374,1.0865064998784937,-0.7701780373404983,2.590944419425283,-0.7154155617454004,-1.759628680823369,-0.7970667585394531,-1.2028365935260017,0
-2.31360375759646,-2.573259426894845,-4.154084279250149,0.7987604117037757,0.0411499820268979,2.8646746604560684,-0.0459735543034807,0.4043434310988124,-0.7273734785263815,-1.0933586522124297,-1.0767280544339592,2.529678983791571,1
1.0958508834260543,-0.7197747774237738,1.893829423380481,-3.541994627973849,-1.2397376391932748,3.859619965571744,-1.2200857932478315,1.830397896356954,7.808581468244563,-5.170401603145073,-1.1521953010845425,-2.5779025205721338,1
-2.3864744802720823,4.9332291210495605,-1.562440152161468,-0.6239310608076232,-0.6003270725216141,-2.588128108023687,-1.2163523825740403,-0.1732906831794036,-0.7467782412300814,-2.519909949200235,-0.5026886992079616,0.5627651947950554,0
3.390506800004266,-7.443067189756848,2.431568197525646,-4.579500604565752,1.7556243659627395,1.8603719071404297,0.1509957412726002,1.245832217619752,10.934684650172722,-4.387078481946744,0.7089606807370306,5.051994182590303,1
-3.098321429011522,2.7674355610577406,3.6919652285719993,0.4008527832642246,-0.2517206677002519,-2.8626546746542845,0.3748054972734372,-0.3499761922037654,2.412299456663756,1.6443899379510398,-2.06056654350608,2.071715569660225,0
-1.4958180073182143,-0.6144347950822691,1.2400432244985435,-1.282957731323845,-0.7072447599055367,0.8651972277923551,-0.54264548781281,1.173990539958073,2.764615080193089,-0.1477584816760642,-1.364648131636886,-0.7324751858261531,1
-3.568964992434972,0.6402971475128121,-4.6611328697199506,0.5287345422279461,-0.0777896797931876,0.4074600322235772,1.294704909612194,1.051820420221922,-3.238388133003506,-1.0028822710797956,1.278029191982128,0.3329897162921471,1
-2.7596035132355823,-0.9042246892021348,-2.635113729640617,0.7263066053168066,-0.6887549568311575,1.0400919625250098,-1.8509471562422533,1.7244367964835,-0.7882445474158034,-0.1891208098486214,0.2294547508038778,1.049071528353848,1
1.2139276523922384,0.3764020774798844,1.576052853908961,1.26488330283174,-0.4730945733135659,0.5215820573731276,-0.8802915589692766,2.131477599454553,1.718966741186413,-1.425005343605804,-0.6568592272194986,-1.3349847508193753,0
-1.3212082344295988,0.0867498736795021,-2.6809975756883664,-2.5086436492791098,-2.962804668982089,-0.001256230269774,-0.3893397076716586,1.7538438845313236,-1.773557610246443,0.2567873524392019,-1.3168340845631634,-1.0968317409603423,1
-0.1022243562217377,2.692384031724316,-0.989411754654912,0.4456117765319717,-3.529737577027156,0.8682002658321857,1.0257994199483065,2.737122846093372,-0.1371609491835215,-2.724734905908332,0.7425226059338665,-1.4323309075437225,0
2.350152712273501,-0.047915025261671,0.4111738959415526,0.1266844903699631,-4.110077770338954,2.961354077677421,0.2306984319215361,2.1855388671957634,1.8868975505884915,-2.660443654275543,0.6296611588762084,-0.3502590953575877,0
-0.8304575057326953,5.8874133812266205,-0.6169981733557997,-3.365650167949049,-0.6500632382285478,-4.395392319582413,0.2322999882743701,1.2314332256600828,0.9078500328629608,-4.024836063740707,1.4967745260557963,-1.1934564927292732,0
3.27921161289193,-3.3197960716993924,1.922300454372555,-2.379132754168125,-1.869681979826596,2.7747598352421488,-0.9826889275282422,1.7318202057618306,4.755816645633214,-1.9278190410959344,-0.5934443248805781,-0.5789271773244875,0
-0.6542473119222296,-3.627419223191965,3.674631956499339,-2.6055165212318343,2.5261998987735983,-1.423792917302982,0.4186564306528647,2.5496240450483008,7.690905562145431,-0.7434457599279006,-0.8404212882585693,1.348417907417364,0
-0.4179280051216864,-8.801325234088857,3.7862032358784714,-2.848878269860625,3.5402413674830746,0.9858773637394416,-0.8484575222929908,4.1994308742838165,11.48433655650405,-0.3504431943660162,0.0510429283382459,3.6241205640845022,0
1.3069184983880948,-1.827821282976536,2.078450911542936,-3.470579857722901,2.581570377919648,-2.7226786708036714,-1.1587701931983774,2.757047972244857,5.652591602683011,-2.4706070253618435,-0.8548083726040118,-0.7122002518020376,0
3.469853946134445,-1.397218072890806,3.859802840882922,2.2609400903800903,0.9174985643644952,0.2636251828255453,0.818696538827341,1.430908048726733,1.2687447999844503,1.1589878695254772,0.914178845430299,-2.2264491636519925,0
-3.5523748757577445,-4.534320939935256,4.790840491929012,-2.320929875796414,2.285598835037732,1.0405929271727428,-1.266916737563855,2.4175470656592704,10.580674838314106,-0.5998659008780464,0.4923171256041569,2.087052953307245,0
0.3127145228095702,-5.216046984577458,3.2371064642311267,-3.772398343575668,0.5497713755558586,1.3934778897507532,-0.331467126648244,1.8947239384267929,8.830361292984879,-1.5103953284418012,0.8083139309969207,2.176562670865562,1
-4.222434064712294,6.076121440577129,-0.8969964869715681,1.5045330569560171,-0.827669924759523,-2.6499630049306564,0.0481188201325301,0.3350960557937328,0.0472560502057599,-2.2752636731251354,0.7205237600012689,2.4432473126010805,0
0.4097390430045559,0.1269764175400131,3.675764310901466,0.8899949417933886,1.7098965679770113,0.3948916702823604,0.2324256995973693,-0.1687526295574379,3.013976646269559,0.0389044267817533,-0.0489957011656907,-1.6587902211603995,0
-1.4163032514386784,-3.5454013080403426,3.8094627764283353,-1.5213620129512115,1.2116852935833509,0.4952623248384247,1.756958173417884,0.2967472667511337,6.276033480457361,1.1198530948636134,-0.1592013949790588,2.4063152359058693,0
-2.2440160298497744,-0.675996786064666,-1.8618665620051815,-0.0636319984775286,-0.9568204868099116,1.140901402522844,-0.6882981278363282,2.242178007392134,-0.923061641899314,0.3238434896501454,-1.2516484419164693,-1.669939876172269,1
3.576958336890506,-0.1271668149887802,-0.7873698913799263,2.0146414985436616,-3.856230418927957,1.7822993773236795,0.4347471890946546,1.289381257135536,-1.994574648414417,-0.7328072089312148,1.0471073196848812,0.9318179965851652,1
4.650839078358301,-3.476265011116515,0.5411139569993151,-1.3439251399582175,-1.5407472475568142,1.4960326360854057,1.3895106441199128,1.1795707051020203,4.7230753046135066,-3.782213700855662,-0.1721767610792603,4.271927151994679,1
-3.129668247042249,-1.509278804455238,0.5926093530424168,-0.0371885357382659,2.4206898731855238,-0.4060248186139314,1.6208438434145678,2.5078969762744827,5.3199656972774045,-2.37497490714547,0.4854360367404884,2.165527936088352,0
0.9333355830599804,-2.7937202066067504,-0.0361758399553253,-0.1196371645045333,-2.6835600929495618,3.080833950388888,-1.1576900630542082,3.615677980798648,3.868996956070684,-2.6651003788903527,1.1364953572903145,1.2044130997507922,1
1.8466655187523489,0.9883979418318896,1.9176011665613093,1.1031943726435778,-0.7781152139033612,0.3389419772355089,0.2040106806544984,0.6298371183753221,0.1758639440664799,-0.092781031738693,0.8698362829825862,-1.9309577920805587,0
-1.6068782561851336,-5.456981244608996,2.965037600101253,0.387193951176465,3.064201799846933,1.0019180274544732,1.380031583844992,1.528125453595883,6.391244214610664,0.7975563516483035,0.2006969856523617,3.1434400636687005,0
-0.0010478069820132,-1.8812449516705516,3.2559328530216978,-3.933467370956961,0.203862989821093,0.2207362894885745,-0.1336644556398772,0.185467732135518,7.392877721391595,-1.8818633569561007,0.9390872555159956,1.5225002492376158,1
-0.810787405733163,4.055008653738179,1.6548437951069772,3.342170620854489,-1.273197590062666,-0.9174531381661972,-1.4319867610802717,2.116313584960688,-0.2529107140731093,-0.9710013861471612,-0.6531897016365731,-1.2967567372240436,0
2.4682881452278416,0.2198532633843054,0.1956756647930326,-0.6230948022056562,-2.3070589403111588,1.0212947079892187,-1.366177209208942,0.7061211319874048,1.700404787425415,-2.621910549947668,-0.0227631716782925,0.997559155202554,1
-2.231756265152444,3.642279490392496,1.287410394990482,0.0943749548860377,-1.2893955890689242,3.208464957207756,-1.36419022714756,-0.0064919925428741,3.846417901735502,-4.238831388062364,2.136725635715094,-2.462178373949272,1
1.685303118915147,0.5458623371614404,1.5431414934180638,-0.6514938789525537,0.1140285760005144,2.468098916929062,-0.0866689402491135,-1.3810778627825582,3.61911267405164,-3.3711094117848446,-0.5500782322075937,-0.5301593460675883,0
-0.0603808671534944,-4.314487176864824,-0.4679479672734652,-1.2123647404908655,-0.2495388798621542,2.841036279593249,-1.3177656897206709,2.219864171678225,3.5344798270153364,-1.236234872607321,0.3093029407742589,0.62261153153892,1
-4.222434064712294,6.439221976978534,-3.923516746859772,2.2090791844224817,-2.2208576012502297,0.2312587226704507,2.050970630490695,1.1966426028311286,-3.9884574617613344,-1.5610257107071408,-0.0086218941643966,-2.39431989041872,1
1.926581077081468,-0.8519567161807458,1.2038146732353037,-0.2057823903042019,-2.7752009960436874,3.031240815376191,-1.4860576868096962,1.8327598998950312,3.414091815504563,-2.665576186050336,0.3671887801169519,-0.1938414789210449,0
0.3061798783155276,-1.1175091501794243,1.9669490401217755,-1.7766225045397732,0.9717664151974328,-0.9807263969277804,-0.5927120036864085,-1.0547371968980634,1.9037081148507915,1.23209005223297,0.6924324316861004,0.4966960607590691,0
-3.3417965217203927,1.9669245709967424,1.7820020006085828,-0.9981247828985724,0.3069549275797276,-1.7352755415840826,-0.9172777514525626,1.589825181006957,4.93923977998911,-2.351959328541636,-1.9008545894959628,1.6507112417686622,0
-4.019629725552349,-4.173604818040626,4.250813411725806,-0.9166561829207268,2.219164710521162,0.2230961251395615,-1.1450870247085363,3.067553938432176,10.165777527480268,-0.861875306383876,0.8585905459322004,4.0509677227641365,0
1.5318738377388008,-0.201159026331528,-0.567888282577403,0.4852997704404398,-4.103068744694705,3.73032116642672,-0.3685036659420382,3.2092881394140766,2.3668863258462336,-3.8938347143911978,-0.1888329166026554,-0.3830284278609879,0
0.4522600759568709,-8.801325234088857,4.789086162081633,-1.78039692261108,3.5402413674830746,2.785975833216424,-1.6741982816823484,2.531869349373235,10.6582291152821,1.4661786631465796,-0.4994943303357609,2.859641903247571,0
-1.4078092149268835,1.5273369975088702,2.1404397166918163,-1.4214767980942802,-2.889848362514635,1.3573958336518277,0.4667947742561354,1.7346316661841552,3.810259373017749,-1.585973739289574,-0.0687325935868571,-1.3506122767124045,1
-1.1271764548018464,3.5377595390884693,0.882033990356839,-2.3641419367089447,-0.922397656096503,1.1378226000922536,-0.1906507481878885,-0.2122078191554381,2.189740093630898,-2.9197814622591625,0.1837239518776711,-3.8540143067421684,1
1.0751420826742064,-0.6718894292733486,2.423797632172508,-2.0530294454403326,-2.363778781043086,1.2852878773981349,-1.3682637596956553,1.3054764366570009,4.672406533195343,-1.7313323016103,-1.6109964320487915,0.2959765408518218,1
-1.6383996325615573,-1.838854345090779,1.2657436038596883,-1.2881179356780093,2.131110405501055,-1.982878414095204,-1.3003038171383543,1.6916204162145538,4.308246895428138,-0.6453228642702782,0.314121174679678,2.316409790462224,0
2.073295745366069,-2.4507778297135,1.407600455196444,-2.5090030851875444,-0.7816963158202832,2.9760504703940764,-0.8416606169709618,0.5824673884601156,4.326857550970611,-2.1287091876055904,-0.4905675746413383,-1.413948999617108,0
1.900666732651541,-2.994018019111472,-1.6659165629992048,1.6209872626746438,-1.6709288403635574,1.6914973653498893,-0.5361732189006652,1.9886578404626556,-1.0934249208593614,0.0819792724408137,-1.0077777902696416,1.915406153103984,1
-2.689590320138403,0.7884541875119624,1.348734315078859,0.0858738750252949,0.2868967506165356,-1.75403039806631,1.3094562257961135,-0.3084468191692127,1.979267266593219,0.6609689100028775,1.0966389429608352,3.1651086881676367,0
-0.2488806782961736,3.066695457635748,3.8373987359685153,-0.2520939066094978,0.0307377953105991,-1.3943890970584825,2.033459078472238,-0.5089792444324235,4.099855951599679,-1.7564155314375027,0.4859000179845614,0.4781389880548281,0
-2.030402349053693,-0.3450232974526643,-0.7167526440385559,-0.6952803028967086,1.9742304829239223,-0.6810015143512435,0.6931352020628276,1.3787012693883829,2.922549459420151,-2.4946274479245254,0.0504527733720316,1.0284302416188935,0
-3.8048216339379537,-1.2557962357646455,2.535656266331494,-1.7885742986960569,0.7454046111482135,-1.1465345778698728,1.9365863268465344,0.9307720508639202,5.9842700776617415,0.0446365297286026,2.113683868623553,3.432617571684981,0
2.4174773070443383,0.3066563595789214,1.760397470009071,2.504386414841419,-0.7069754774321038,0.1124314308657588,0.7286249643662206,1.8527292395851207,-1.9810339877804248,1.6505107670678163,1.1384301165616375,-3.4488226337574086,0
-2.5721167048212528,-6.127656016817853,1.4628444078415868,-2.472024824773797,0.0725436447595093,3.3511176545359573,-0.6408791363813738,4.142937445887174,6.865213149903325,-0.0463121106639758,-0.9774811297852268,-0.6225417754536577,1
2.453777987518219,-0.1376119134804327,2.013641382422521,3.2085561235626017,-0.9463725420779148,2.249869355787657,-0.0953234480903181,1.5256440495666566,0.0200913722609136,-0.079809639448106,-0.562958731409473,-2.322742855568937,0
2.167867938599492,-0.0243728526114956,3.6549327412768298,0.9004671032015168,0.1603754413077371,1.10922782330507,-0.2775699070036919,-0.8200000154602183,2.426589919302081,0.0147392818419254,0.5456816381903358,-0.8207402195905281,0
-0.7608024584956021,2.045752769818458,1.423239068430734,-1.678335746761891,-2.3685937050566594,2.913271157018296,0.2471329322088542,1.461139968214248,5.240574679979665,-4.711580096764077,-0.2033893193515294,-2.046346070142645,1
-0.6638516715912988,4.872369461573398,-0.2114734410456764,1.2680275051239125,-3.086409216313502,1.340769113154734,-0.5242202141178675,0.5132113984299267,0.9133226712559028,-4.213008741606217,1.018704497521347,-0.1824703298632828,0
-2.7663387503041994,-2.411537814669148,2.8667841040880404,0.0003477038432524,2.4550194777380145,-2.2002478636429363,0.4297335808900877,2.287488614872387,5.662769484585088,0.4401942019880327,0.0190084705573513,3.611656584308506,0
-0.5062941661204698,0.2808614353461665,1.0882900531266169,-0.2754639476917095,-2.503870744388025,1.6973287614624726,-0.7999318715922092,1.4593740528795436,1.0620435050832606,0.1320243553497695,-0.2220259309398598,-1.764423930590349,1
-0.4821945656814245,0.790789811514214,0.2034636170707322,0.0671901353325474,1.864873229409791,-2.450710370310289,-2.2573929822109795,2.299297123352444,2.531336080534304,-2.712371631694937,-0.0958443707051851,0.8064613979877544,0
1.1858664560074463,3.3471896251519886,1.8011382647699603,1.924259088242056,-0.3253239406533852,-0.1809464334015673,-1.2017356491486368,0.1336773163455007,0.2685691517737071,-1.7123173890749686,0.8828393999793924,-1.7951634079133876,0
3.310900522727239,-5.273171316937568,-0.2063767666203202,0.8848712826053076,-2.480285351907773,3.2318136005186227,0.7640295328002383,3.630199688882093,2.532506142036208,-1.1944667044225652,0.9389509112008212,2.408324751671848,1
0.7512802777179022,-2.5503806385701644,0.942835155804456,0.6111815205062063,-3.030296230215201,2.5370731454911333,-1.0973414238238188,2.9667293610854686,1.3059372667791878,0.8049691725094146,0.6060501672657236,-0.3640150104687203,1
-2.2063380410037667,0.9434742204925888,-1.485825710661581,-0.6357658391548221,-0.976276886756072,1.319676780392057,1.2180228047196435,1.2661089034313573,0.3284115344086598,-1.5097867862053989,1.0346733973054554,-1.646719413682032,1
-3.895325366934005,-0.6519359851106067,-0.5970440551177407,-0.5475336137354339,1.589009061999243,-0.1182953549786995,-0.9265102653558246,1.8913719770889328,4.576060217786315,-2.8411359516661774,0.9568607817256828,2.577413887076961,0
-0.9618551874332444,-4.239170198273079,2.9490387481224616,-5.086551114389907,1.975123959511624,0.2285350449651184,0.4483821014612595,2.129199954065223,9.350234704938412,-2.26025981304264,1.3085625306211317,0.5225725042135428,0
0.6083411535576362,1.9098046883863875,-0.2177960612651708,-1.4145005563627566,0.3032727423085379,-2.0356252020647245,0.3383158317453486,-0.4298808480318059,0.036226066463055,-1.397618648474214,-1.1343811757849072,-0.1156028588394422,0
1.6764954139913173,-1.569309353499203,1.473132632521597,-2.050634102081568,-2.2721415643433422,1.5580424462982507,0.1098705249952842,1.9126499783484665,3.5232487508965287,-1.4208584343699908,1.4199191244466125,-0.6058401918397331,0
1.4372206256726645,-0.1464121092514068,2.4891674309158613,0.8483959393961654,-2.2226792739292818,1.1351917872148791,0.1767133037053593,2.671028489579789,2.9119159830935755,-1.1567834994885469,-1.349436346635988,-0.5000870250618134,0
2.105989642066313,-1.4559502578284234,2.306314769688655,-1.7983177592291837,-1.561714247642819,1.6271571617720264,1.0034130501783405,1.100599612692842,4.433215590026677,-1.817484640868463,2.4378782869737567,-0.1200960796193371,0
-0.4685930322721957,-1.7823764813107326,-2.805335329354373,-2.989457392759177,-2.0160767666112345,0.7425560119104803,0.7130775595362863,2.1440910257471444,0.2544495904251806,-1.1609069233371434,-1.830336501066509,-0.136645903390582,1
2.9329568021813714,-2.37748223294752,1.0073028207714532,0.3337386335774397,-1.0538003776630274,2.671975647551806,-0.24266001882614,2.6741815642755635,2.3194426402650428,-1.698853940201864,-0.1043716048462022,-1.9556849836658217,0
0.1615607611201361,-4.5452566377038055,-1.36085115422753,-2.012844335475948,0.1758055906413511,1.469152533055192,-0.6240443768695098,3.159684368152101,2.5652162986465865,-1.0132892843258037,0.1704986547672893,-0.1367465509883108,1
-2.6254532352249016,4.665690734245776,-2.864335648061471,-1.9115868867131336,-2.4917073662149383,0.1319310674416942,-0.7393427836324854,-0.2319405252540149,-2.202949651829692,-2.143125209013548,1.8524598902133969,-2.724120548426585,1
4.650839078358301,-7.956072914953646,-0.5336473501758925,-1.4359234418882996,1.4803627356341984,1.929374866632315,-0.2191915447188231,0.7114703061121764,4.990977018434977,-3.0088440968944203,1.4500417050316547,5.054729473993359,1
0.6304795087881722,4.331090666673395,-0.9708018449042995,3.717968139166386,-4.694286419025257,1.5434317329168177,0.0724150377285043,3.316363012857121,-2.0254330646674314,-2.837105927400348,0.0679134408008878,-1.0066344880284572,0
-1.4428593521003577,1.5870547585966917,2.1093721600776125,-1.2009645753868814,-3.1826287497190155,1.753641841557662,0.4390573971287585,1.579879815281527,2.527839786670811,-0.472251130225515,-0.3083688139492456,-2.704319623244513,1
-0.8782501362552537,-2.4688666020598,2.4893087937819667,-1.078865449170478,1.7052023348961804,-0.5214070217867445,-0.0267634011270379,1.289357909189876,5.160162841811319,-0.3295591602455119,-0.8260276428851872,1.6831893719218565,0
2.7279425602009733,2.3595286789109537,0.2234811564096568,3.146235271139928,-1.5340858597912097,2.763255065404729,0.1537164687111521,-0.3345747858718841,-1.9978403149813333,-1.6879975645012697,0.0831109715646639,-2.817844495657898,0
2.3393427940859994,0.7614209455430895,-1.9908000199093048,3.042587532674574,-4.180862790075844,2.8855343069932684,-1.263044641179683,4.41851503171586,-2.060963685187165,-2.623457835217943,0.7336407859527816,-2.2609422893816817,0
1.8237444441822703,-0.0232113999829757,2.847052948311014,-0.146950963725623,0.6668622866855594,-0.0950114333626459,0.3043336718937507,0.3246840417042047,1.9819111351615468,-0.0916459288032651,-0.2438117226937288,-2.0552222611184576,0
2.2756079634138158,-2.2913845830619226,-0.551515061484984,1.7811299866510706,-3.032913420627184,4.404951025392741,-0.9261458032935628,3.6543939074149168,1.0482484687588485,-2.137180791669871,-0.9890428608065688,-1.9347299872146548,0
-1.5853845754683695,-2.187121685637764,-3.775705185707549,-0.8908902237322625,0.0916143343627164,2.1451241338263225,-0.4698513494328008,1.280705595506564,-0.4042504851339891,-1.4695865106633197,0.3186821532294625,-0.1160414916976761,1
-4.205910239378977,6.467674003996991,-0.85503587289565,-1.476321336753088,-2.3384514491184354,-1.3492829339600254,-0.5264737108728622,-1.3164787627681849,0.4300527735649446,-2.72582109719826,0.3992856982483787,0.7132440816910812,0
-2.183593058670241,-0.3929673216218443,2.420049486294729,-0.7004353192547751,0.1499702127439151,-0.3711496254728947,0.8892858492141632,-0.7775923355232539,3.455375723711999,0.8748542094269616,0.0806731956026828,2.60194225363737,0
0.1017509315033868,0.8490187005611537,2.6971834841726494,-0.5630620729371931,0.1833449135532661,1.382820363013717,0.094695017714811,-1.0713334633727056,3.3103872806735675,-1.1726896377221103,0.3249217410280312,-1.122809308926434,0
-0.7905037294017729,1.2141932406562943,1.3798225355457745,-2.2114096953732147,-0.5037161149253792,0.3342937157980519,-0.8059016420588736,-0.3664740584881474,3.749860046380777,-2.248978965727856,-0.0943821493055013,-0.0202439054736558,1
-1.0361127216965778,-2.733918454769115,1.884816703369378,-0.8746693654093525,-0.3319917475843186,-0.0631974108360231,-1.9322827211833773,1.0159394520183054,2.4128525418141087,2.241590039988405,-1.4494730358034844,1.4627457462271796,1
0.8859111100485606,-1.403431514399898,2.601853357471085,-3.679937650571733,1.2467071463124304,-2.3553110495328013,-1.7753210318402737,1.3300467590110066,5.083688025530232,-1.0833698550240831,-2.4373909361371995,0.205606666783271,0
0.8405116212777138,-0.1544026228164473,2.200937631740095,-1.2667872608005863,-0.7082940345165337,1.3833395491845997,-0.3068378239478644,0.434406006422571,4.258924455372625,-2.1510382132933,-0.617147635619446,-0.3505826464641683,0
2.2721114618263303,-2.888295933626902,5.001099876337191,-4.382416789378111,-1.40111784490713,1.0931762061677348,0.7328491296720061,0.5256127352790587,9.13085374638815,-2.0577599654143226,-0.6961201135380279,2.0094918900461183,1
-0.2456223450550301,-4.751760550906022,-3.403068004739688,-2.118648655994991,0.3333845542069777,0.3072491196163578,1.0371673372625017,2.104281180061078,0.5203795049420209,-0.4052340365820428,0.2681441068098681,2.431576211533113,1
-2.0915332013439034,4.159150905496722,-0.0623104401253173,0.2364156988504504,-1.7059651145050392,-0.2540965887607798,0.0146639667796657,-2.2699741939845426,-2.5083445731416543,1.214336914305862,-1.8940626110633756,0.9565061964886752,0
1.392629696547324,-3.029727102580463,1.6488199518890685,-2.414967575074108,0.5583070767903049,0.5711463508189027,0.0469098081648565,0.2511475404940866,5.09967294143418,-1.5653178792954696,-0.5967262954992781,2.2065127364118764,1
-1.949838764510294,-1.048827575072343,-1.7582708833336431,-0.3762595776082178,-0.9010569485737218,0.6746145705590999,1.8641242650921144,2.223307161932325,-1.8404017769087733,1.530507627629634,0.4910573338544649,-2.4002719909712,1
-2.7194848705493984,-0.4724710526372683,4.228031556709629,-1.0568537501269786,0.8123428812196154,-0.9909146677974432,1.2081165131695988,0.563232168583959,5.949245576923067,0.5344275828980649,-2.147890697238864,1.817874622951401,0
-0.6159284126738642,-0.6678811740824862,1.87020911207651,-1.099032884232808,1.8884150828886672,-2.2357064248097043,1.9085978716906984,1.3967495517787298,3.592349467995178,-0.6593778526652128,0.901462134831806,0.8960842134782955,0
-2.0796899195858627,-0.3902613517782783,1.0621679506426769,-0.314913589618935,1.5476257116767391,-0.7584502056888638,-0.4775365376919456,1.4482436001817878,4.138054932695787,-1.748808103812613,-1.0566978381736165,1.589837961580162,0
-1.2971152535638986,-1.062735683074555,-1.400685297284158,-0.2167262269398544,0.6767567312617766,2.347702185088328,0.8733797031033523,-0.6013839443187536,0.3665287667596176,-0.7704534983881735,0.3385004864302484,-0.5422732280239596,1
-3.793119321903788,5.948805060793134,0.1442701785729725,0.0956160044831757,-3.1965647594271225,-1.2455249793486267,-0.0231777047848608,1.7288796443666978,-1.6733807975243804,-0.0824714227664087,0.1465618255865395,-3.5984941382026223,1
1.9230295410179497,-1.959005523569698,2.524378952804807,-2.7122919895514204,-0.535356016630561,0.8865578125511485,0.0820733062797299,0.5163136794555137,3.419279012836666,-0.0419051900467661,0.4830558694958006,-1.6951076959225766,0
-0.2152916496170311,-4.682374073187855,2.984619409493198,-3.183993953861657,0.5790209613134796,1.5544776939392295,1.0040239723364386,1.1302156317607468,6.565197816052376,0.2336120369388901,0.758249034211963,0.6726915166637095,1
0.3929013972249622,-6.200838625285175,2.978761757516823,-2.344168769998962,3.5402413674830746,-1.0783103644302845,-1.3186419658325006,3.635663739436674,8.248202175378617,-1.1091258788989553,-1.1766136831980702,1.9817749598294607,0
0.8501786351168782,3.156653104615473,0.8091525471182128,3.897228739582533,-3.0643758847384843,0.5175044665943989,0.2081166774761421,2.857641694044945,-1.394845224663452,-1.0640869046912704,-0.0928972884560832,-1.3807412946866386,0
-0.4258703588866063,-2.116276870628929,-0.5597321585797106,-1.5962329728306777,-0.814977789102469,2.848048501837193,-0.4546085416349316,1.2549483871059666,2.5227264162128917,-1.5221891607050688,0.8456513767671129,-1.0096699534290252,1
0.0139439758789081,-5.694364312965121,-0.6912870116986429,1.675794032992755,-2.2933576064591703,3.4476611204710146,2.0711874604661467,4.74717138070286,1.0321707886446054,1.4069351189375103,-0.1824714805035057,0.6952588426939292,1
0.9056117850880544,-1.0753286099629222,2.4447499427462813,-0.3644082243797073,-0.590465175759875,0.6965384916087933,-1.3578319231401603,1.9497091828751516,3.052906289083925,-0.3486980638379295,1.0083541831904823,-1.2710039464614364,0
-1.483073407944627,2.1847458529321684,0.3901976926644648,-1.6804144974423791,-2.578265708667394,1.6230246416012908,0.3752855844068573,1.5686617429099623,0.7381877611362905,-0.9750061635912712,-0.8632881209600872,-3.8540143067421684,1
1.8525230772219865,-0.5356421171302327,1.3705975293036807,-2.159573386901083,-1.1571267487430057,0.4888510926768559,-1.0789439071409443,0.2630853089518148,4.6932260377893416,-3.227298085693379,-0.4791412128290929,2.197897978930827,1
2.049250566763957,-0.0705265081564269,1.3174551238130705,-0.929134253492351,-1.7973139776966036,0.7775678419908817,-1.644970676574994,0.1396607536359995,2.3278089716152777,-1.584420020131273,0.3176471237228836,0.9151866426379544,1
2.5769823680729798,-5.24167231180158,0.1502046375101742,0.4521412641601787,-0.9409167586106262,1.403380671707495,0.1304930197153684,1.8606522325548944,1.4683454384150454,0.8909529848511686,-1.3111878335168528,3.2234559972411163,1
1.1568157637235297,-0.2344092887272993,-0.7845061281205838,2.606536531820045,-3.0525765871601944,2.8312745404305444,1.6066083136721403,3.997636644019133,-1.239088979254943,-0.9267529429847586,0.6335990420496339,-2.82763521883502,0
-1.6315023319382222,-1.156522981312959,-0.2356141977688364,-1.4669741255060094,1.0442090917368283,0.8204013045503133,1.4771757333683,0.7507059746016739,4.113659781969989,-2.665617406873971,1.948479410097344,1.4076368479371837,0
-1.2661059980105445,-1.5697080165265094,1.7770051686797836,-3.450438545187098,-0.2884244432801095,1.7010252935461367,0.5329527210178333,1.501291660850438,6.779519091525627,-2.806264163730246,1.3815278112438714,-0.3010128290033227,1
-0.0009192289917745,5.146690413538432,2.022846434551864,3.5891011898768888,-1.907475479475121,0.0938496072515584,-0.7849796324438671,0.588208263648638,0.3240978352124763,-2.2634272595649665,0.7074946163708229,-0.4904741990904059,0
-0.8390422875614518,-2.281928862228436,1.3642980684873292,0.9853215151084336,2.4047345734491152,0.7765922962770975,-0.7585099906854254,1.5706037138043498,4.340417516369378,-1.5468660580487688,-0.2681554440526296,1.335331973631296,0
-0.4549700209085322,-4.999317380208455,-3.651586245401076,-1.443361262546359,0.637982326727319,1.59088807649784,-0.8721440468998594,2.55584421765607,1.708673900514089,-1.9402926676572096,1.128603392122176,2.535061073809516,1
2.5799884909764508,-3.733735051283031,1.6392988239456503,-0.5812932632194937,-3.1993280377727213,3.444106070206806,1.9273868433711197,3.3571335966331004,5.314837934682238,-2.384987395137462,0.0118143173225942,1.6161055562740447,1
2.679487170522891,0.0465740626326068,0.5239299804531264,1.2049334440247166,-4.060963643689128,0.916983769205156,1.6643146214243112,1.1591015241398852,-1.1765697705455338,0.4915387034428591,-1.261950692227527,1.0423711926903918,1
1.124122224548191,2.219343882515496,0.2145592214094882,0.9073805536443544,-2.827225572279997,1.7458123493947597,-0.0802659563589492,1.1664132209841784,0.5067591993094198,-2.5644885815207576,-0.3320016723342651,-1.1796805886959054,0
-2.705026310743783,-0.6928592095655502,0.3217407353864514,1.501004347128379,1.4527996389907376,-0.2101196691288438,0.1270060852785463,0.2618703640466959,1.9511336942550603,-0.0370531194508729,-0.6349290958382272,3.083114707913431,0
0.3924850201202721,0.0189357899476282,-1.3775733283402651,1.095060758210512,-1.5699597755843513,1.6903302857181313,-0.3428450781090116,1.1660753309273788,-0.9477224515005414,-1.0444335121968564,-1.2115878181968127,-0.3883855259605293,1
-2.263700881431142,1.33805713238197,0.4079078468439574,0.5821641452887159,1.0580844766772348,-1.192994343257069,-0.7518055974906431,0.4133124828799974,1.5947362715493163,-0.986466408528344,-1.597023995774876,1.2698339690472176,0
-1.8573005914512088,-2.032104132284124,3.536607708304744,0.0238355817647133,1.8939268770616264,-1.9023484353064688,-1.7351586382315876,1.559403935212457,5.176113430648765,0.9596580574757884,0.5460890101232297,3.01528352354647,0
-0.8327310700784301,3.5853807667707125,0.5511516395691644,0.6900913077220624,-2.006670110100929,-0.0562287038547391,-0.5043057314108905,1.1928304018877374,0.5528138481570228,-2.0321054166044936,-0.1051657340771801,-1.1814594586626892,0
-0.7966200318761025,1.5918390113801606,-0.002460286108598,1.137242151709851,-3.617029773375787,1.6101960418566867,-0.5701863351480944,1.903073201524229,-0.8908342422241762,0.0484921170245671,-0.0489518163081418,-1.4884825734188682,1
1.2822359132374426,-1.6761992556669454,4.278177540478689,-3.928855260151296,-2.1013706904810734,2.509355876292057,0.1212481671914683,1.2974655130494928,8.84653562358607,-3.209256348045404,0.2623181374823924,-0.0705030180967913,1
0.2790993944566329,0.2028322889876606,5.001600166585203,-5.485380099891241,1.71514709099089,-0.3127321198566184,0.8650381451308626,-2.2699741939845426,10.433378160518265,-3.984007411450126,0.1815240925881476,0.0580282542784804,1
-3.8134809194031463,1.0463456089801615,1.8087750652276853,-0.3329041883750459,0.6539968948041699,-1.6475685698825089,1.7793531257609778,0.9895921980555312,4.1758762313979485,-0.7639685176253873,0.8608293403149185,2.5627709733401414,0
-0.1654470796646128,-3.768054759507263,4.340568915135595,-3.640302360899384,2.3552873196534136,-1.7697423261541787,0.9954572709571666,1.5370289329180742,7.289582983898405,0.52339035321887,-0.757441845116092,0.8519795483971174,0
3.258552169968161,-7.95511491824591,4.946951255907849,-5.203725968575566,0.16256235517217,1.411531559295497,0.2482299350774346,1.6232318836920785,11.48346265296856,-1.505012025727258,-0.0941625936001843,4.606838454340478,1
1.4674238590938384,-4.353137958204716,2.135226610106155,-2.434145125268641,0.3697849944926452,-0.172679996403958,0.6825849883774874,0.5013621591705161,6.143001999272091,-0.9558219179531658,-1.6446417687046444,5.002006778967604,1
2.5270603875035222,-1.5683343736179904,-1.0861995802167628,1.9577890319725613,-2.1574264042286395,0.8578075729598825,-1.2519371984131011,1.3347883375104963,-1.6957984538438495,0.1576864733475869,-1.2431886414656417,2.201616198838099,1
-1.0132595808546738,-5.703750162038329,3.160382852485534,-3.4833399905594544,0.6984733152320124,2.075414693700611,-0.1814099739235528,2.190794630832316,8.224780515967714,-0.210783150006494,0.4336705323781186,0.92574253187783,1
1.278528338509435,2.829672908334842,1.1297100256644743,1.29967904674223,-2.3451112503944582,0.5990739232439073,-0.8384186196881012,0.6288407639221688,-0.127937807427378,-1.4255654420842214,0.4185793329364767,-1.297635668001074,0
1.4308634845221349,6.957196731326988,-0.5073275932163326,4.755773853776192,-2.135652073509356,1.2179275275089554,1.363363350073559,-1.740479712650763,-3.8976522001429066,-2.958940933896754,-0.5812465635807735,-1.6115405582076858,0
2.3082833183708367,-2.329426402259158,3.454406932439456,-1.4149862500597798,0.8734209210762987,2.280565515555985,1.180803060566231,-0.720982694993443,5.107257680396347,-1.162487354117527,-0.1408821696543797,-0.7645401447239903,0
1.5849431773654,-0.7262608008708429,1.0276042910495855,1.926559480458391,-2.353821384746396,2.1224178560422065,0.0712142073321189,3.5189195768949517,1.2910261995320995,-1.1815738144909165,0.2136082583203234,-1.366474152944135,0
-3.734904444910456,-2.1517106263176062,2.9938659431422714,0.3216343537074313,2.0153816960455813,0.665823536459174,-0.3618343094191579,2.439815682677174,7.604499469448823,-1.4859118920025831,-0.6029343603960319,2.43905623154876,0
-2.1528312202478914,5.099901026027981,-1.7272887399467205,-1.9557681876714776,-3.582913503763386,1.4597626834454152,0.4545977072799451,-1.3892902111117262,-0.4689515018004271,-3.073424880532137,-0.2525760650426999,-1.4859982774293063,1
-1.4819025084542938,-2.3647947494015624,2.0344332190751198,-0.1878778108738787,2.299968935026322,-0.1825882233740747,0.6333688092749624,1.6867645833074327,5.250759766739885,-0.9845111076974656,-1.406586687372409,1.7225909608872911,0
-0.3180185359628642,2.051569083954609,1.7237355776699192,2.995345410931045,-2.4256785983388607,0.6923057493076996,-1.0799029428917373,3.012065609957097,0.2093293312280691,-0.2900925780093923,0.1678423055823122,-1.6239014091874704,0
-0.7518423016817584,-2.727130642724903,3.247405813864307,-2.971302640278278,1.886906699050329,-3.0167323431415483,0.309614803964639,1.477725261871762,5.539977471798305,0.8748790980761689,0.3851239739082864,2.2389333489720684,0
1.6348565095470884,-5.268455709994822,0.8195924183490945,-0.4289346781150081,-0.8031171955956824,1.5672264839262522,0.359360163021769,2.300383064829963,2.70058385147398,0.907315822938188,-0.3041961803811955,2.1023792952620117,1
-1.4166599904265564,0.5069648343798413,-0.8751736335354603,-0.441836356852168,1.1551084833449052,-0.5977795469127174,1.019868928501731,0.6273507023448298,1.6525320857893306,-2.195855526073528,0.4652676067721454,0.9078682155057544,0
-2.8959687525826734,0.9642358892791524,-0.7852517223788889,0.6659294908647269,-0.2456850252767064,2.2585083012156657,0.5628510660967102,2.430999486497325,0.8681343224282965,-1.634977979924733,-1.96172095426296,-3.686150312281206,1
0.997104136303522,-3.6787822148019353,2.193548903295326,-1.188236491292333,-1.86043963396116,1.3709733272388445,1.1245932947231587,2.4917884100529424,4.804373928650882,-0.2106843564326079,-0.2003751837643139,2.1902196604487782,1
-4.221825544579984,6.957196731326988,-1.5688017046648426,-0.8208868454034078,-3.0022200841808475,-1.654265824705346,-0.0322316887613376,1.247791097266467,-3.2439085330141038,-1.1869668589354088,-1.504784892105418,-3.8540143067421684,1
1.93717474053696,2.8163288320546718,2.937449159515212,2.317115819679983,1.0508249594262629,0.70203551775047,0.2918526018345143,-2.2699741939845426,0.8854770098947391,-1.2716262935218945,0.5219790471958081,-0.9115114211450164,0
-1.7126753686138156,-6.156576756204171,2.677241417050407,-1.062157936854228,3.1771972900079826,0.7216796041268725,-0.9719136797303582,1.8813018329999425,7.360494263100509,0.3412812568929346,0.5734104938952346,3.2998896819577945,0
0.4434069559653542,-1.1644569388344002,1.320387240006855,-2.7174306694190946,-2.593128641785235,2.7350825426712966,0.0439652027782434,0.4716077556619793,2.2226940191670272,0.1050500610556233,-1.4590070064701377,-2.5815652485873404,1
0.6661817502705507,3.3596920775373307,0.7273817042057069,1.6569189006056932,-1.3583913171105004,0.5577954597533208,1.1338395186471173,0.6984911243293949,0.3529519150346056,-2.591726190731921,0.0067189479971946,-1.361990950660685,0
-3.884735133792814,-4.107859687750007,4.1070522573071,-1.8188635645592623,1.3289054165221292,2.310263482933816,-1.875475762797645,1.88689717664311,10.32082376584085,-1.2324908367437415,0.7141345994216136,2.7771143890698733,0
0.6644387488647193,5.596780298671126,-1.8408946686827496,1.4956316089065922,-3.316304386797517,0.0203756424331422,-1.0617375324149965,-0.3237017716971204,-3.3843344056195543,-2.6549724967178,-0.5016680728857302,-1.0132937527326704,1
-1.405094841747777,1.4060209101876155,-1.112019874370063,-2.608497093547994,-3.032378833512433,0.0153724428807218,-0.4018724614759248,1.818430972966268,-1.5322739034226989,0.6771544615734975,-0.3242207849235163,-3.793116829056221,1
-4.222434064712294,-1.3209974192131049,1.43266888637483,1.4589416839271403,1.812454404315816,0.6293830782934235,1.0446506356327596,2.2295162694041006,6.314835074484968,-1.5474853789270604,-1.9918997971571244,3.9834960228566687,0
1.1684978165786613,0.8634436857953529,1.1694031426078535,2.5053339492297817,-2.170364973027546,1.4851542052934936,1.949956519387341,3.086883668603323,1.4479918839562425,-2.062519342573966,0.1533251792622581,-0.711394388270435,0
3.176852349024585,0.1641045052453356,0.6177612082279957,3.260901863624332,-3.681313176166936,2.5573104088898,0.1291675062957324,3.692835085354514,0.0948210892421122,-1.982369059274856,-0.3833376542005875,-0.978573069255578,0
-1.6295437556698622,0.3730447870645718,0.0673411101150083,-0.6537061810745705,-1.4601187804491491,1.5152077689047685,2.323307455808101,2.091346424898271,1.896980129287039,-1.3633798795502337,0.7952672864993143,-1.761875193724643,1
2.202051224323484,-2.3459092883713644,3.602019235256528,-4.501426162629089,0.2511817565027991,-0.1003430047575,-0.0778359498238831,-0.5717541930166612,8.285709571775213,-2.946150151430217,1.1027580706619884,3.0614190629759044,1
-0.9178858189499935,-3.405817197011268,1.3411082952703115,-2.1856833455086253,2.2583409008039848,-0.0118312910386417,-0.3685632050028,3.0063232390713703,7.298261276665564,-3.084793318309321,1.0389977216522546,1.5484886765627195,0
2.0952171811488114,-2.463183747753628,-0.6829436352939156,0.611001287615264,-1.1085811614385188,1.0393155394846492,-0.3659248129151333,1.4985954663845449,1.551917935404652,-1.6861874375062853,-1.1477851473474003,3.262815218390647,1
1.0988531318238377,2.8930896963358133,-1.337924494886186,1.879157478501676,-2.03003373535027,1.4293743420585778,1.628812614414223,0.9279919749869096,-2.827036743039105,-1.6701966740415377,-0.6964105149058804,-3.12542964076915,0
2.315196610302205,-2.723653368189362,2.5199540229699844,-2.2033258353315777,-1.9514787577955648,1.1235556744537545,-0.8557206347536878,1.4632926599656435,5.468112295199112,-1.5617781188668869,0.4008386375030977,2.180709784140406,1
0.2988502751772468,0.953035139608882,1.1714343841484307,-2.629253898994857,-2.2426064651358875,2.45785389276121,0.0010591679618217,1.3392304574683644,5.392706764263467,-4.648868931069655,-0.0006862467744823,-1.2796844443987108,1
-1.995458187208653,-0.1353002542648022,0.8870475947031776,0.0801099117358405,1.1540334098484868,-0.8117181329088913,0.3736314416640471,-0.5655678410696192,1.3893144598468254,0.7434303685735264,1.8747088026098384,1.6768835452668422,0
0.6304698332426915,-1.9563867488823392,1.5456197367255315,-2.381383046544398,0.0308422990999193,2.370654618823372,1.881472893001078,2.783363741415076,7.266006705215456,-4.7197045112755935,0.2353497988830906,-0.8743204477999341,1
-4.131637692701933,2.862932655536884,-0.8958628370097204,1.6415382847276443,-2.51737417091622,-0.3811622998063118,1.4463567091461431,2.1114741991298263,-2.122630347069654,1.2068804255639214,-0.4050458572012764,-0.8854112124393666,1
-3.506827951247897,-0.5462842231139223,0.5251423984851413,-1.5844968074692105,0.2068832399960432,1.2827808030249912,1.555880781491913,0.2790333353389351,4.946709932724212,-1.9937136627092271,-1.3806976217004363,2.005712777115075,0
4.650839078358301,-6.491046017444286,0.6509827194977404,-0.579144157478686,-1.697538504411194,2.1209619219623206,0.6435005365971885,1.847719004207787,3.949828720414513,-2.0655695390594406,0.2561072450707173,4.99152091462605,1
0.9514426769676944,-1.700556893985557,2.2975894747633183,1.3023615887758628,-1.261797322865724,2.5595682021096007,0.0231567360706089,2.3485637102216037,2.5353048172116157,-0.0802532975296037,0.8396000835400406,-1.5001523393256568,0
-0.3515045770314964,1.524819433821186,0.0890632109039091,2.299827755725311,-3.0723930816174,1.0152831718064186,-0.4883652496371125,4.683152996365509,0.4474101485854017,-1.8300021807107816,-0.3161392296396561,-1.731887702760469,0
-3.2261730736158825,4.9521992102797,-1.739965313015571,-1.0219896813032252,-3.177371878899684,-0.33343465877596,0.6522849956480284,1.2423747983616238,-1.650915119049649,-1.5244825549212733,-2.330918301525988,-2.7726215387734383,1
0.517650653882882,-4.466858681839116,0.9436856327435263,-1.9889160581468044,-1.5576288176809063,3.474711681624989,0.6359592853811205,3.885021137357151,4.77006934541042,-1.1836970102152855,-0.7862362700342146,-1.7635966469092303,1
0.5806804643659063,-4.268016780823129,0.5128770440175463,-1.6682423089577352,-0.0802019269776226,3.0902967663519827,1.7904635141071898,1.6074085197687755,4.252147408621318,-1.237292158614708,1.7310403814784736,-0.0154714516804428,1
0.4235309739808846,-0.1210912713949835,0.3206833663503572,-4.35818101448402,-4.1113954653489895,-0.2964739443270494,-0.6485857106382746,3.099314676188823,1.1644157002509947,0.0719931212981892,-0.8331717897617453,-3.0074325796097234,1
-0.4313429718472356,-1.0331498180651095,0.7715769256788283,-2.5911812155219405,-3.2758676585864834,-0.1481038398722924,1.2390390298886007,3.993320123907088,1.2343786780344568,1.0367471843986469,-0.7889529461122257,-2.6408530473952814,1
-3.095845887972704,3.121983348808527,-2.6148688411079406,0.3295820700967402,-1.1467461019927927,2.3232240982096948,1.524701368522924,-0.4350147201047376,0.2463146092098642,-3.750325299195498,-1.3687304629518329,-0.1821051823243267,1
1.72384628670702,-0.2055908770327554,0.0493063169804894,2.5099149139144954,-2.673914639961137,4.20151865211594,-1.7343433887243878,2.0830656230683333,0.364694324975087,-1.97436651969162,-0.3159992942617299,-1.9300678029349745,0
2.459167968292922,0.9625583103807652,1.0766684400364237,1.2994631247130826,-1.5376052143529018,2.150418681415434,-1.0698396961154837,-0.2025356169509884,0.4281407327616708,-1.5894281227605018,0.4509230857575839,-1.1254859657046157,0
0.1312170553262714,-1.9769744472378552,1.4909714459469936,-2.672789685005296,1.6151770240820338,-2.048519847800951,0.7728046636373008,0.649029931816316,3.6441799999678106,-0.1882832508806022,-1.8131619460978368,1.4583701545670302,0
-1.844077461318499,-0.3431858790866459,3.509745354312896,0.3110065073734689,1.4711278584102048,-4.125461484197658,-1.5878908646931484,0.7302669147796651,2.85227821923106,2.4648878236165483,-0.437651942053372,3.706835357327482,0
-3.5126106334480367,1.522004525307066,-0.734863396989359,-2.017138031191912,0.0991716673292308,-0.495701221196248,-1.2373418199123851,0.4654191997585207,3.344705874857986,-2.878294367461545,0.0381878942464295,1.4922443015076796,0
-2.3034254993940566,3.4177739307912867,0.2179536693308339,-0.6234938932669108,-1.1442331345696288,1.2664323390062588,1.3601670777939958,0.6120046141686959,1.9249822978900997,-2.9448452025423704,-0.0697137372778005,-2.562164341017371,1
-0.6483218904121415,-6.493838218282372,-2.721917918277075,-0.3156005866558393,1.058899281843884,3.1203265710780688,0.621035193154656,3.260289361963887,1.681998611004818,-0.4140538598058736,-0.1729101124904804,0.6738156446806225,1
-2.6965412755472338,0.2693507488968968,2.122571335503766,-2.880791474497611,0.467500406758393,-1.2476124640705428,-0.3894628872870704,1.042847712614237,5.796004874749823,-1.711243467350814,-0.0289923919187003,1.2124368137981665,0
2.327086093563953,-2.543922869594912,2.562196247339672,-2.397921867795417,-0.8856375139632213,1.7202502563885596,-0.972168206149037,1.0846396315151334,4.603012785335027,-1.1081612715889717,-1.480356278002895,-0.9022742724061924,0
-2.6104640961287977,6.957196731326988,-1.2953707854724992,-2.787711651163032,-3.282757499484251,-2.2346488243549336,-0.7690528078456144,-2.2699741939845426,-1.4847210752372069,-2.331031377242839,0.7948667126881095,-0.0582153592315166,0
-0.0279128971213631,-0.7741263433997804,0.0026344858724056,-2.557489360052269,-1.5534797745096227,1.406454612470224,-0.984312433426698,1.074067878935087,3.0310857644157387,-2.0534177774859814,2.4378782869737567,-0.2940691736161001,1
-1.1948069107803538,-0.5755923548024218,0.1664613120966147,-1.133080353054972,-2.184536885942165,1.77824245613771,-0.0628491073725752,1.923855032059732,1.0682072192408416,0.1600292542812453,0.4540062255938506,-2.055180087927706,1
0.8894735423685938,-3.204174466067833,-0.4971151482776981,-0.8839848365950783,0.1001472002440304,1.650426099875526,-1.0804494270940688,1.4136318920668014,3.3672248034877,-2.182813754660345,0.0760277731803941,2.083266678323134,1
-0.8299999885718204,-1.1590222482332924,0.6277397571010974,-0.953943289675342,-0.8113839350327142,1.0102045431018023,-0.1368243604457308,2.3792648309511133,3.400833670539245,-1.523534012539182,-0.4814819937879968,-0.0501950484108835,1
-1.5405406308709924,1.956069404753362,-0.9865424393098432,-1.6680779678377335,-2.032252960775573,2.111817882436684,1.2657119207863032,0.4441300613406668,0.544786555286963,-2.0162580035101323,0.791495644220616,-3.020970206995212,1
1.0346071921480875,-2.096173718216807,4.109272451835792,-1.2961307743820902,1.6314157837710883,-0.091927002659393,-1.1734130262453202,0.8686491478132965,4.884843053529387,0.2792482242034189,0.5889456575210905,-1.2073306060993272,0
-0.3428152872965722,-0.6672265431200566,-0.8294498448969754,1.15883505831044,-2.466659029061862,2.3958688945567337,0.4511528197386228,2.4613452931341744,-0.7063851317778002,0.0129449313615968,0.1422555075579133,-1.5369276837576282,1
2.711340989751908,0.367535892150947,-0.9584204311316432,2.5929841993870646,-4.694286419025257,3.3852704295708294,0.985079769488608,3.99175598019521,-1.766401822173509,-1.4987411105716608,0.3863145048095122,-2.0101806963673736,0
-2.3324191979326394,-0.7699442029347305,-2.051474033433076,0.3038398688139756,-0.1820289561566115,0.0185042179865451,-0.2483274483379091,1.1267094790125778,-1.5943365734535584,1.067249671712999,0.1052307727794262,0.330450007674119,1
2.054030387202121,-1.6522794629318485,0.4884189306287433,0.1613511589460505,-1.4234435503498262,3.5268755411592165,-0.2170828649161017,1.2323131770948732,1.6161915205346742,-1.5051942472417363,0.7790407440340077,-1.9820331877310655,0
0.8798937696623289,-5.043871183006799,1.4755435159700871,-1.3201210053041044,-1.6715460237008175,2.8874883520731016,1.1729820785754614,3.699690370001924,6.34425616762293,-1.7971053856004104,0.717057326912753,2.058777685207716,1
3.4503729610050105,-7.590758387517388,3.2220351274521315,-2.4987511426410385,-0.4231483639192179,2.39007582973708,-0.8874657319802123,2.114310158845764,7.602966201211595,-0.4623951076364256,-0.6825411066876327,3.4102618866170524,1
-0.3368108109442822,-1.869964478616471,2.4651611623933,-3.4023811404487145,1.899605676642652,-1.4271412271113864,-0.0680914928920625,2.520513363740004,7.004139208785121,-2.551767668443662,-0.983472924704131,0.0677016238637784,0
0.0861870307425554,2.309556959319165,2.1828844304857142,0.5552808832456033,-1.0536491048579213,0.8570243201970875,-0.7491066967902441,-0.1156312268357451,2.6954733189950457,-2.1089796313727853,-0.8110098186374864,-0.2304867224700897,0
-1.796602286296852,-1.8628237071344176,0.600754482687095,0.5378370723620325,-0.0517158775843862,1.932340508482362,2.1027156907541777,3.4699874915813167,2.702103781526701,-0.551285379827325,0.092665338644107,-1.8541365626092023,1
0.2950983598559571,-5.198754774850997,1.612180256885917,-0.7846632805243356,-0.5431807608335362,1.2552190743118212,0.1576474268684903,2.44702852093885,3.385130446693802,1.745566460853292,-1.1771025086421143,1.6660314581222986,1
-2.3123686345516927,2.380228274143193,-2.9361940632775965,-1.4860137694676738,-1.8522063814875012,0.9577830309813662,-0.4018584466748136,0.0827331312423982,-1.937443231199696,-1.3265040961139372,0.5065632050693992,-2.142015946032006,1
1.019238970527972,1.7086242202438982,3.491158231792419,1.3608993655736883,0.5552862645800469,-0.2111242390160816,0.2956052436432475,-0.6838829564099522,1.65298037717871,0.0038576095254605,1.1085762803182715,-1.166338782805815,0
-0.3781140244667027,5.162703915106202,-0.3318990703487838,2.0802198138220303,-3.014456436504004,-0.2776561205607109,0.4833992794579558,2.1334479482934703,-0.0818505918368243,-3.791069815701245,1.1886739821553451,-0.3848775574630758,0
-1.0550152978799427,-7.415908979238709,3.987570463717341,-1.9206476491087128,3.0467665178433494,2.138251616998468,-0.6772903351163431,1.6236118555339458,8.945173565216974,0.6405340876566927,0.9309718858524484,2.252771221466199,0
-0.1439139753359581,-4.618818632069925,3.302365717749022,-4.861230216060509,2.254801185634245,-0.096359124900119,-1.1635631797260466,0.2395655677241728,8.835783530720516,-1.3177008784324784,0.0556875570705643,2.5083692511929643,1
0.4852973687765908,-5.724482340209396,4.396236003866802,-3.425933392959532,-1.0714654515383757,3.1084379149250365,1.050964055166366,2.9373903951419718,9.157196286617909,-0.5892414431631723,-0.1480586122388219,0.2941757163718279,1
-1.8055097753887464,-0.2584796294940583,0.2114164275653609,0.3658666786848239,-0.2829159842254232,4.404951025392741,-0.2649117847964936,1.415533767989579,3.9378459975609146,-3.474972157325184,-1.4206174970149572,-2.5341126059255963,1
3.937237034298871,-1.2472681132032704,0.5242736277815373,1.987406847312312,-2.7070938004072107,4.223401587009042,0.4200171419483693,1.7588725236856022,0.5523234552186086,-1.951377277116821,0.1840241447673629,-1.7823807060877987,0
-1.1423180975615503,2.72514071747602,2.0678450510632587,-1.5299114043897573,-0.5287236612301007,-2.2022622970310484,-1.628757728938938,-1.8182976738500023,0.2773721891278881,1.392126365987528,1.2799717033334883,-0.0977859392895124,1
1.0507874208845809,-0.9434406077206852,-0.0356029442358398,-4.455349095389137,-2.0482505078208137,1.3972899781941277,0.0414321819569923,1.4711853025662074,3.786079103970067,-2.960345259594115,-1.2843077317850848,-1.5433331184122705,1
-1.0027215966698495,-2.9159936638298944,4.387782336778963,-4.868840834237901,0.6284527343377277,0.9198126293598204,-0.0963847031676896,0.7109625884656582,8.931742226589117,-1.083222639252792,-0.9782678267293424,-0.1099543614702471,1
-0.2802190449375601,-4.3850597547218415,-4.201033773164441,-1.9831130339733685,0.231393929139271,2.765349867709303,-1.1110818217112834,1.3908380277368677,0.8178402987185902,-2.1260015418678213,-1.5970978812796237,1.0996777873437589,1
-3.04035669744895,3.380072175593967,-2.9894760132602123,-0.8585414964134861,-1.0176066581341203,0.3764550453983999,-0.7276538237830009,0.855736860913617,-1.1380490123809663,-2.724504791003997,-0.2998027669598185,-2.200683399466974,1
3.337023562498606,-8.801325234088857,5.001600166585203,-5.485380099891241,3.418076238363968,0.3702109617915106,-0.2977470350450578,0.0024480292813799,11.48433655650405,-3.678407446363078,0.9723408713396544,5.054729473993359,1
2.178796813816111,0.854751185682765,2.9242457850023573,2.438321078339116,0.032891346062869,-0.7135323787741976,0.9236752132995212,1.530567749011971,-0.122179842909578,0.8708894881503739,-1.1707784686666367,-2.245732982815224,0
0.9622271991696052,5.024706823258273,0.2618089502014029,2.6785902662404752,-1.3506684218337102,0.6054736600602558,0.923332691789261,-1.087625533836306,-2.187569576602143,-1.9527101203145756,0.4623960344405948,-2.029891990520454,0
1.6048851012156775,2.5382940609408884,-0.2658498768877844,-1.4721855554789331,0.3285308568501497,-4.156282856600518,-1.390773436769705,-0.0745089370727263,-1.2272396982296525,-0.8742449345430089,0.2828832000341794,0.16737228243768,0
-0.2377091996407014,1.637436854700656,-1.673728220266192,-1.5858966473522538,0.0492879506254009,0.00580239599714,-0.8054615193072053,0.2166716741305236,1.472009010180988,-3.982666294900529,1.4901253606035465,-0.0077027223346208,0
-0.1349981817412966,-2.795697748595662,0.5601850036027506,-0.4789049915036086,3.074991084599201,-0.4215096862690298,1.1187768152532964,2.6591294190274626,4.690057838014931,-2.534196050346265,-0.2600301744877712,0.7756042720294906,0
-1.9037893600690956,-0.2943353505791638,-1.575613147138965,-0.7316445772937212,-0.8666491966503055,-0.5833397931312676,-0.4222145849155921,1.279659010195033,-1.8764369932193965,1.5929682966523866,-0.2691498357394598,-0.8396980698829166,1
-1.6694986947893828,-1.689417428273148,-1.3525775750113138,-0.2457778888463151,-0.1456422268768462,1.720795104354147,-0.0706158103215092,2.362329686372951,1.2117243033717915,-0.9863162130959592,0.2361904615054972,-0.891614801133591,1
-0.4367169539825782,2.2053816445808025,0.6179760520875579,-2.778295660394732,-0.0764975611391818,-0.3296430657067002,-0.0252516242988677,-0.194631369900238,2.8798959325034943,-3.024892144611637,0.1808512144201237,-1.6069875010305004,0
-3.7457891022861767,-8.296454662343834,5.001600166585203,-1.004816884099036,3.051876343283958,0.879868986662105,-1.3022913956863225,1.7526555777779336,10.587474747661105,2.4651378231216063,-1.2426126338040278,5.054729473993359,0
2.5950056425361487,-6.230376313993178,2.6814790016208385,-3.375916315091782,0.5584498882801963,0.9057657591822804,-0.6786976611376271,1.485488570664777,7.143474627679691,-0.8287643279822745,0.8969765383056015,3.0202228020462,1
2.000342002709652,3.624501179812068,3.2098596506337245,3.6942009488350935,0.427999088313054,-1.8194263872194765,0.5304602689426596,0.5302795437474684,0.0137026268127051,-0.7949036850574924,-1.5571247607670295,-0.8485589155911609,0
0.2328913099118301,3.170333187790801,1.151445650175637,1.6576792783100054,-1.920861524634775,1.4399364906345946,-1.3419125957223974,0.0905444643656263,1.2695565782297422,-2.6337107275675296,0.0445435875787465,-0.3313944261153723,0
3.291172788520083,-5.304902269714396,-0.0714881233380275,-0.4025972557260874,-0.9952553207679132,2.1311756119467065,-0.8705873268369175,2.1017043206779937,3.292601536143954,-1.428571045153716,-0.3330396062471275,3.392432043856347,1
-0.1949928376964311,-3.243812125388137,-0.8952173676242319,-1.5478131038038594,-1.3418868217112792,3.128244095542805,1.7053730180301083,1.7159258717425867,1.6825527217161569,-0.3820608647079686,0.4348088296250044,-1.0440568785463469,1
2.837709735481586,-5.346115888675052,1.4821264114680068,-1.80855119589829,0.7730992189541923,0.6218035351442072,-0.3707792647084201,0.4717954888039773,4.886593520247058,-0.7338478869335435,-0.1238170931834052,4.124586893137177,1
0.8105239235220821,3.766482387251061,0.9299522176678644,2.1035574901804948,-1.3234770715755635,-0.6389870183175526,1.061689522816587,0.5108481073273431,-1.3406391890375835,-0.9773422244450954,-0.2421486003542615,-1.6183299881407025,0
-3.9146177300607454,-4.587014532863379,0.0320277544089508,-0.4092406418632021,2.70973155537706,0.858271774282843,-1.1108933928361957,3.265031165275959,7.219592538139378,-2.3922229393560457,0.7271915303498016,4.336703676510133,0
-0.4765792425585785,0.6610695625268544,-0.0432099851373706,0.4725350662185885,2.1533707656911942,-0.7628331000703291,0.1284387049612337,2.322043034802,2.912068650055444,-3.675445959134197,0.1764037820721213,-0.5577849706652895,0
-1.6822002001588978,2.057251423816771,1.9078586783322813,0.0759332361455866,0.268813117465595,-2.907558671027872,1.8506165845205984,-0.5112580761669432,0.8466323172973159,1.075204293872592,0.5965527100713772,1.842709854453952,0
-0.8956050727819207,0.1663552530776454,2.8599677310552165,-2.501061640581288,0.0857211192688527,-0.2529643623070075,0.6329174844987049,1.069505713355302,6.021800470200693,-2.231605213916755,1.2508846186131493,0.0693107217688464,0
1.1804710068657691,0.9845093821684162,-0.6497346526689927,4.755933262005778,-2.7672960638248623,3.3827622838844977,-1.0535141612473249,3.7579458295611854,-1.6518675220257657,-1.7307151784279255,1.3733763918793327,-2.5928114437705774,0
-0.6195041037312305,0.3404366298504062,0.0893412414322845,-2.275319662260453,0.629278148354898,-1.4704570926070406,1.524593030042564,1.591648130791241,3.793916535194884,-3.1583157566355844,0.3674646640559157,0.9084499935489554,0
2.175163475055458,-3.435609899524014,1.293955950745458,-1.485418569268441,-2.4879754517325114,3.9423696632699694,-0.6687385186691387,3.0520837253251045,6.007790920575823,-3.4737569585793806,1.372153027910753,0.3952921595383287,1
-2.506023776123005,-0.574728364406093,2.4197483662689887,0.0776444542108329,1.466388536736897,-2.399137720316541,0.6275907322840457,0.9073754905462031,3.4793617157685763,0.9631812380798984,1.026239081898477,3.0258368893879624,0
-4.222434064712294,6.957196731326988,-0.8378526607039611,-0.0370973057920547,-2.729921632272171,-0.4497145620268865,1.5399151458903244,-2.2699741939845426,-1.3504221419504552,-1.40510111052204,-2.06856352100417,0.8788794206742462,0
1.234725128744615,-0.8985972811797139,-0.703931984841621,-0.8025033214172206,-3.8179557387140814,2.861119141720073,-0.0850533302515499,3.819140767624724,2.1473491491040195,-2.9620606569534127,0.745873628978934,-1.3357534841178886,0
-1.4429586922608264,-1.1028015349074456,-0.0265562026020382,0.9840191465276664,-1.5665462631040703,1.3087990045072262,0.4868874441110286,2.1376020500186645,-0.354333627054679,1.4961670672716654,-0.03641962340895,-0.8209920783951854,1
2.9463870725956403,-8.113096391922276,1.5351430804839528,0.0232969883939144,-1.751347193952244,3.5665670656145925,0.5843634890461775,4.035790988798747,4.9028304892162575,0.4627255151184286,-0.961315391767618,3.015652213554479,1
-2.6007184155085223,3.9798172437821258,-0.441157510484057,-0.8762595067229394,-1.60530246664891,-0.050611795474688,-1.5328079003432058,0.9112153796328624,0.1832638297218248,-1.8898976065899245,-1.0024823814069894,-2.756666062922754,1
-2.519609340921208,-5.174772421437434,3.0347290058936784,-0.7338267870759466,3.2205508593183776,0.2633176925261062,1.0519196629879783,2.7006883395154238,8.105278066315757,-0.3766601077925018,0.2079896629249557,3.043896437227629,0
1.3975020301824652,0.6343606031763495,0.1533834568786092,-0.2341249441429442,1.2963349932725443,-1.9421837975183385,1.94226521085992,-0.1896502691465673,-0.2298366011778199,-0.6458603237349285,-0.9256953099444264,0.0606095461301363,0
0.1203295738345548,-1.3275909381171662,2.551869082733898,-2.282725422529936,1.6154561738357935,-0.669601908509244,1.2744631298119515,1.720481397945544,5.745961354809506,-2.051563325678643,0.815968893311694,-0.448645621695247,0
-2.1287299235354777,2.9641284711979425,-3.4274103814788157,-2.234966802129392,-2.680034553458112,0.1622426902423266,1.2183791457848407,0.4893730702170418,-1.53139267192618,-2.364500920696637,1.2331731948650295,-0.9948887288326876,1
0.993607750026216,-4.6579920401087165,3.1352385656860564,-3.0134517618798995,-1.243330668000155,1.7225811423218826,-0.0999108569710702,2.406507057243365,7.98130278098247,-1.465910715596794,0.3064517734291798,2.5727975845293307,1
0.3078624347648016,-5.925915573108612,3.142852751420132,-3.432223196340652,-0.2588778946682468,2.1181402254185877,0.0366610283914352,2.567439201370486,8.437931077932218,-0.8339201618146241,-0.3786948024688523,1.8905426288617653,1
-0.7180257324585104,-3.6061966530452176,-3.279167687636789,-1.8693897318019308,-0.5963967980943355,2.4875453137094947,-0.7308239509805161,2.8975582434393594,0.3985329397625557,-1.1725815161470503,1.0954385785164014,-1.4608849807488304,1
-0.1189219686578031,-5.153282647407106,3.1605839520275896,-3.6537900096878735,0.2743133600371956,1.9481189731925008,-1.0084039261715023,2.615016090346809,9.224602814286795,-1.951700331991442,1.697470389281115,1.5235398227645225,1
-2.109079267680932,1.401843457467332,-1.8138110433795367,-1.7144782456159962,-1.286967044262282,-1.8750405017930007,1.1482578425845409,3.369202163328537,-1.0303232538264202,-0.4213738457207515,0.6312375199893673,-2.490717885117306,1
2.9032927869432874,-3.0919549606458667,4.912731800479941,1.6860427488673442,1.6582535229803907,0.586553113417221,-0.0093509791678915,0.7473500910662962,1.964160978127406,2.4651378231216063,-0.558415965860798,-2.175817537599153,0
0.626512676120619,-2.693720772283825,0.844611423153314,-0.7416214223663908,-1.807288736992528,2.084128975453752,1.830368729375612,2.665157188646968,3.547214511085508,-1.156402483939362,0.359006640954392,0.5957401277546411,1
1.213217293352977,0.7347458313709058,4.231839272527622,2.007760697941237,0.3283868535005285,0.4900530458218929,-0.3881739735440746,-0.0973949411924102,2.413392916843867,0.3921067308626571,-0.0457150066798569,-0.8837699255060074,0
-0.7902319077013303,0.2608146674748451,0.1142012676839778,-1.6155008625388751,-1.4892052425514395,1.8021607153083892,0.1027162513102272,0.5387742123275778,1.7351760343473372,-1.2310912962004257,-0.1911845622502341,-1.6241275257788683,1
1.6575107620240088,-0.7226722200661155,4.4933131117288205,-0.7079872224390789,-0.3979228224712274,-0.3784922905105559,0.3951759592248119,1.0021357364244614,4.377726554331829,0.1642138236277366,-1.7254962211933793,-0.2260498572866955,0
1.489496649463832,0.1185870309502192,0.5936578004222042,2.8331272515062373,-4.694286419025257,3.0957642398057814,-0.2418474900034682,4.705469756789476,1.1185210775747765,-2.005464600926768,-1.0722193151750352,-0.664779178759187,0
-0.1207495996832428,0.9839299696455652,1.02738371388986,-0.8314226770415747,-2.452585571720711,1.6027839743800132,0.2979431257482198,1.6205105629636645,3.905475294924847,-3.2531039986315253,-0.063331406508842,0.3616729327017811,0
0.8883515045625001,-3.4740049800513955,2.7356751242409043,-2.383705803646076,-0.905531747366169,0.4239171068194337,-1.232705520528534,1.3022600018139177,5.472150087427747,-0.0660919323604494,0.6688844266705558,2.4976126223930466,1
1.4616465632244806,2.997303645811233,-0.3716741182853997,1.7782520740272751,-2.856096698789382,1.5536772708498134,0.0867430378182062,1.4394920959208155,-0.4680341435684105,-3.0965383790378573,-0.9748571355216454,-1.3983261331102346,0
1.4819072467650063,-4.360904809891228,2.628992137137965,-3.016984582276476,-0.5889212456663367,3.0191718103494427,-0.3230231456481747,1.9199709990028249,6.503392705166286,-1.3928641359790777,0.6861266342242371,-0.9515447979251954,0
-0.9954142157561569,2.4760495832946527,2.712116836451459,1.3820195985734154,-0.1474594320718831,-0.5534492667639495,-0.6704037796439655,1.3027312389430683,2.7621753535460405,-1.401651529958832,-0.8244384377947748,-0.5665430427305436,0
-0.0123793999830621,-3.573976615237761,3.641590962865407,-2.271694857392643,2.8913766011384707,-2.8484894974250485,-1.1869864125878562,2.284846283540713,5.889185420388114,0.7425047275801271,-0.2918796058170195,1.3717944566170066,0
-3.0151880443056585,6.345627926889332,0.4820339233282893,-0.7697008544362531,-3.272969576195136,0.408974198601689,0.5493915286977298,0.837225933562401,1.1700355351362126,-3.1871648744553984,1.6415368145945028,-3.06190165892211,1
-1.4675953633119694,-2.9378446321783,-3.828550337154312,-1.0789323990738549,-0.9515270385438336,0.0158806187498075,0.0498170901774344,1.5803940264895535,-3.222928721794481,2.226057990052807,-0.4428704144670514,0.6496963617046521,1
-3.1676176107104883,-0.0041440826750776,3.2004463794353057,-0.977190263602654,0.372531548893785,-2.3868527779059647,0.4131251209839439,0.3321072129608062,4.279279618070767,1.3513674547450782,-0.0412355245466845,3.3686664230201027,0
3.546543709964157,-3.702981205814533,-0.5476669117552313,0.252237572910045,-1.1627496824301005,2.199481793732616,0.8425253578301907,1.2724873338719211,1.122111998834518,-1.1406550701239968,1.8832615668667427,1.777874220893379,1
-1.6730736032098628,-1.039177959650576,2.17217407399919,-3.215079980905224,1.102093182317064,-1.0241833933959916,1.096046409420315,1.5689822491345344,6.283771032202105,-1.8924217138197383,1.364416009769817,0.6780601697505801,0
-0.6361965283296231,-2.053275961031481,1.1338267398981197,-1.2159902236249618,-2.0318299301760785,3.000689065196662,0.5421131768389175,3.0008403341837786,4.594506297047535,-1.78887548573816,-0.5511324678696997,-0.8838607290827554,1
0.3947528095545869,-4.561066349573135,-0.9241258486991872,-2.1068080433990835,0.2778772954957273,2.573111867215108,0.2902107430954355,2.5523969196567604,2.988735909152222,-1.2283604971080735,0.3746847839326906,-1.1245951894065074,1
-2.673651754036992,-5.711956273747188,0.4318788439904675,-2.033319011605616,2.54605247547842,2.36046691102143,0.2184770679135276,1.0243525326911354,6.503875156839911,-0.8885696771314878,1.4623376821633605,2.7192925148857525,0
-2.20805516471134,4.695724595874164,0.2723469208535574,-1.3524352515200404,-2.7741883779517824,1.280727053536,-0.1562597255234347,0.1626567945963766,0.2058083719211308,-1.804135536421252,1.1023488554957632,-3.8540143067421684,1
-0.697462123139521,2.904703261924158,0.9951549464196234,2.7435140193223857,-2.1969142587018684,1.6042116665830362,-0.5304089742296318,1.164104607808888,0.4569027330162962,-1.613523191594039,-1.98789687951153,-0.7557269180801665,0
-1.6544601202176128,3.756889697880295,-2.19263879694888,-2.937341244724144,-3.3431445405829843,-1.1211921945261096,-2.276384329733397,0.2770193544037587,-1.9802128674538884,-1.037973824435384,1.933613076172532,-1.6872179543398669,1
-2.3089545191424303,1.2550067637854625,0.6555894314820758,-0.0875722834704906,-0.5619003327528294,1.343042607235518,1.797125816625119,3.505170965552303,1.845042411756336,-1.446077585476055,0.1711209673073265,-3.8540143067421684,1
-1.0939132858204064,-0.1510331395038003,3.1092998378202603,-2.1153107818772354,1.3509377972059011,-3.3962905718731635,-0.576536551579884,1.3081308729010297,4.302990336471463,0.2644868981140409,0.3563799926798231,1.1032715313057149,0
2.2719025762097056,-0.3731755596100086,0.9550424664641112,-0.2663777484918246,-1.938343208397085,2.2146283499535704,2.323307455808101,0.876030605708456,1.4362973337307416,-1.459599394089736,0.5136599688707837,-1.4970791845953173,0
1.8926154723321864,-0.8939108975328346,2.8213563445479064,0.6389360745888715,-0.6888111864513388,1.3640868923600349,-1.815824999701024,1.1818663528178466,3.203344095187566,-0.8937878784461605,1.1746457300085489,-0.3795753064816014,0
0.7948122547627714,0.5289344074160642,1.375706963699465,-2.1271018433742643,-1.312999961223163,0.2976358223306201,0.2115374452917114,-0.0582570581574068,3.019407785138445,-1.7809037109525114,0.4192256487510242,0.2038064182846539,1
-0.219311231388074,-6.602433787890881,4.497111191477758,-5.485380099891241,1.8203213583343705,0.5009589298395261,0.4648792208160445,1.666545553354741,10.949822333243208,-0.5966361408182539,1.0895929336599202,1.0577400500636325,0
1.3831373597461674,-0.4825314040351124,1.7994172659637675,-1.8670888169088544,-1.892842230560354,1.531567234463425,-0.6889355391675787,0.7972237812959388,4.310105379813817,-2.412489932854829,2.2306865127285755,0.3268448498877714,1
-1.996275495583092,-1.5454847471850717,2.898926714101872,-2.264876103541813,-0.5679759759348919,0.296082963319666,-1.0459574838905863,0.7634419777765713,4.576407903428478,1.0397439814426854,0.1528892666006424,0.4586518137344223,1
1.2460879125724458,2.204073449605103,1.5501506056241108,2.5680124766928403,-1.4092073079921534,1.0113299943975886,0.3349025719860238,1.4276673457440274,0.9756864443819838,-2.0992137271503437,-0.3336741309739365,-0.9269201098278534,0
2.9557955387978505,-7.331583541148151,0.4352171719721378,-4.18029254651605,-0.1410093072461919,3.5703245502246945,0.3672154258021339,2.074841354373034,6.202606831105147,-1.9547545957586416,0.0562465401604308,0.5781628571380064,1
-0.1493977433595708,-2.531421043232487,-0.5219909771217557,-1.9259853391681228,0.449421587320745,1.8767962547058712,-0.3861147093784922,1.9785064391254887,3.808611919653399,-2.6433263196483803,0.6673434277253707,-0.5199432726602766,1
2.1486043716036027,0.1078304071909762,0.8338943715336602,1.2126584208615476,-3.0237652241528568,2.6112922875098743,-1.4183675997648455,2.411600859472772,1.5426887306802186,-2.240384903916496,0.2477747018858506,-1.037782358919774,0
1.2151516619035174,-4.826171740854889,0.6664556594778451,-1.3071240257820769,-0.2471800985873906,2.199399665417119,-1.345680011235545,2.431132575140918,4.826138374950224,-1.4885744284751128,0.1131509539665732,1.7959382922827372,1
-1.1528738468732764,1.850278607878966,-0.6758398184538756,-1.9801618236958145,1.355264312585027,-3.3034514813100277,0.8651158170878398,2.767191350624445,3.319419927720208,-4.299953054838971,0.6689935211041382,0.5690746418591244,0
1.6008271342475602,0.1704793999083571,1.894968240795523,2.2517307681725875,-0.7031537263442585,1.528356082845932,0.9115232779054918,0.8113198206291373,-0.0922057945513117,0.4458341950995304,-0.6419987852312966,-2.070463983508492,0
-0.1430740455117767,-1.8209502187154152,-0.2129492322758976,-2.182360895004337,-1.6376668082452583,2.980514181158188,1.5384007412232437,2.3362861370172454,4.331154485126312,-3.1786244331223683,-0.7333711544214297,-0.7588650987189087,1
0.1685853967217596,-2.749588547831862,0.4836180256259752,-0.4539177295647632,-1.302125785434684,2.304390076345694,-0.0884642816341848,2.4324436483790146,2.6230234528072893,-0.5200710970361178,1.2251002924679368,-0.2921566189038238,1
-1.877802754170992,-0.3832876312235627,1.2811385811028329,-2.123805845350001,0.3908146033374871,-1.675353150339704,-0.1644445382289346,0.0751534174359223,3.3979442786572185,-0.1087310832936081,1.6863852644611008,2.479445567816432,0
-1.3909165657234914,2.173709855792365,3.195106151324297,-3.4876726319064093,-1.39956814711549,0.6062662003995517,-0.8698933292308718,0.0399819676066204,5.766165106060268,-2.4921895415355118,1.1985507031120808,-1.7353921296753856,1
-0.1705345255666626,3.214597495460475,2.682840407732943,2.9025178277217734,0.00568727711248,-0.7696914143897757,0.5206266102749175,0.4962162692621739,0.2598552399558718,-0.1327980998690876,0.559642871901567,-1.326094965410357,0
-0.8595146652630312,2.6484979847513817,1.0462554173703396,1.3910231269268472,-0.8845492240380644,-0.142955438565983,-0.1961754647464603,1.7900942721764144,0.8242477304563405,-1.463134470536711,0.2503962662960622,-1.6181896298787268,0
-1.8455012515293192,0.1095542987433563,-2.5083677368082817,-1.287467371379052,-1.0656393686754009,0.654109716825976,-0.3000966960854178,2.107205134799967,-0.9442265145251824,-0.8028572728528891,0.9990850599828964,-2.233264880527016,1
-1.913357630710074,2.7274709726518465,-3.10750910662712,-1.5029364323191945,-1.387848376227618,2.3190680896715565,0.3304113223627778,-1.7966609114791314,-0.7531411584818233,-3.164567164845683,0.5510638295682203,-0.9415576210838374,1
1.2381973230567285,1.3374798987309091,-0.3213548803844452,-3.353906410922931,-0.1310691481824732,-1.9428250364428807,0.0080242418592672,-1.5886689954024438,-0.3757139782449855,-0.5468138480261475,-0.510314507600699,-0.6726831826791511,0
1.0240242203622116,2.544433256988677,0.5320779107914769,0.1784755243582529,-2.989895895146188,1.7284639173591394,0.7709987615043311,0.5771487735557829,0.8584250119193247,-2.552437526761943,0.0228183138301126,-1.3212002803860217,0
-0.4624464596615818,-1.965281663059879,2.184864644657879,-2.984853066768489,-0.7724426780747116,0.7574187883681719,-0.4683215174764654,2.4576890463712813,5.9110057948494585,-1.624425630809894,1.716540657520856,-0.3081946665626753,0
-1.6409447263167027,-1.0856435625546974,2.760740480542028,-1.8766622128744803,0.9805249644280696,-0.5268588413337338,-1.264395001201074,1.5817371522824255,6.440183925731875,-1.6764678490594096,-1.651402275155699,1.3388173303463125,0
2.875244573273475,-1.3416519866013188,1.100381004333966,1.4759838735330555,-3.059069590241602,3.5886117556816566,1.0701173043614036,3.028586041187575,2.078554778199868,-2.094979303317049,1.1067292840194036,-1.2712628085749211,0
0.7912206593612243,-1.1588090086472729,0.6250602737037056,-1.9994048158229083,2.642306960287577,-2.189542373704012,-0.4166624752488566,3.218639521142727,4.869866501243769,-3.785789005571073,-1.538075005932911,-0.1720915556874711,0
2.99263795707434,-5.70280050328937,2.7600522360227675,-1.503852923770931,-2.189285709888428,2.0383363227966664,-1.2258577184581303,2.678628446496118,5.932949907225383,-0.3032569636728706,0.6741682405914167,3.312034110389825,1
-0.3625505703900147,-1.7252049654748824,-0.0125496867687107,-0.3010911814999326,1.830605658771375,-1.3245579473370448,0.3893023805226389,0.6212474621054449,1.6572889476638375,-0.2409724418659835,1.6006469568831228,2.199470866206733,0
-1.7249647767067884,1.582978313699972,0.9604828636995848,-1.272011938594104,0.5861281808522164,-1.8634487216417508,1.3937310396080511,1.9576015770808213,4.272517464305348,-3.164401778428924,-0.780781685397097,0.9688669310312316,0
1.6148605983956192,-1.922132127703235,0.5998714322631594,0.6972129967262939,-2.214066124514521,1.1444211732925549,-0.0635904852335543,1.0444201797261092,-0.0235399098143262,1.172654016697657,1.4946315650502722,1.2695377945917452,1
0.5103448984589062,1.6999259301836125,0.6557695077105413,-0.456120033806644,0.2022197843271074,0.3794591479873686,0.1076150797463,-0.0644611061148459,1.5767853574003854,-2.398453484267719,-0.4204077315907434,-1.5209569358839417,0
2.7583542437895843,-0.2756035548579371,1.2494800379683977,3.454821578861269,-1.975911406114684,2.253208480318225,0.2290835118097595,2.854009282940922,-0.5205745614428924,-0.4135424867834523,-0.2516322666859565,-2.2449374267707283,0
-1.6595032118337554,-3.41710057063556,0.1985240692677994,0.2474771633116625,-0.9326743211555066,2.541800944016556,-0.0307406733607793,3.00137654760321,1.715169313537711,1.2063463068227145,2.355860200648084,-0.9431682556584406,1
-0.4876484646017831,0.3654415347374131,2.2189078897409997,1.266773971470958,-0.6757326877295635,-0.7488603746248113,-0.7577898478218816,3.1697818496906245,0.3077401201045106,1.5838695411092765,-1.4108476027778465,-2.8913319191559514,0
0.9023953335835906,0.8084299176968496,-0.0360829101642512,2.909184472857178,-2.3476300733765307,2.401048843785516,1.0914598464126517,2.3469194503953723,-2.252132865160385,0.2754105706158554,-0.6744730893709083,-3.5400468708772586,0
1.37124537330885,-2.8918992136366857,3.415528626565905,-1.952185355831164,-3.752837963168565,3.4836460711815413,1.4604166086645565,3.612732331035269,6.874799829782275,-1.8222418346240588,0.2544927742176882,-0.452134488017285,1
-1.9855572293819657,-8.28311488178283,5.001600166585203,-2.792195569856255,3.5402413674830746,0.8333539616466066,-0.9143295969761894,2.5229260531196926,11.00549884778817,1.0396139404341596,0.0369277752559716,3.445312592874968,0
3.840823071395953,-0.0776549173483076,-0.8444130332237263,-1.7161673341778314,0.4469990831420425,-0.2114544147198256,-0.4601859918245755,-1.5171604413063,2.618931346152125,-4.862215388502433,-0.0981005669303988,3.410192704190248,1
0.9299853640963742,-0.7296687273563301,2.4439625777171208,3.1619040447162265,-0.5943299570606004,1.7712942437596215,-1.081009605613,2.690445963314868,0.9139053141564256,0.6179180230023174,-0.5275176378831479,-2.2748477208610005,0
2.1817931680422182,-8.801325234088857,1.364834123810678,0.0244512800941856,-0.3517617378819442,3.8984797932441184,0.2410805961753518,4.74717138070286,5.259138168251178,2.4651378231216063,2.335979169852869,3.277516850361501,1
0.9492803385097516,-1.6556286598615837,2.0442535509355166,-1.8654510107702265,-0.4626513287702491,1.6455866530975278,1.1870489212681554,1.144669226777426,4.52614904196106,-1.632930070845614,-0.4682315027703624,-0.8443084657950148,0
-3.0286802658954546,-0.2923727346045986,2.728339227546373,-1.1711259503979674,0.3286337290448136,-1.2916331546753144,0.39388349597587,0.2438685975082564,4.7018288726561694,0.4490405709713072,1.0312349050740015,3.031005130277429,0
1.2968285562403006,-2.212731458994139,2.0390686567657967,0.2269483695122907,-4.694286419025257,4.202195885960823,2.106611548176073,4.64550175266575,3.5595628740105,-0.7694351037020615,-1.5905647631749569,-1.1537245804054526,1
1.549671894187469,-2.510089951157573,3.365645590526354,-4.230009671828155,-1.572388862631245,2.7429966821293785,1.0876045646144117,1.9455494009727448,10.31484141794447,-5.170401603145073,-1.8495885104413885,1.327943460612356,1
1.2730285041757154,-0.2659694081003294,1.8268633163248649,-3.2480169853005667,-1.1891303664356845,0.7547145782105877,-1.9065531768508028,-0.1881378052048967,4.0474274981715705,-1.912466061975954,-0.6143547878807106,-0.3935999285666085,0
1.465512969818589,0.1120765722954132,2.8404671335885903,3.140297449608408,-1.326476803440268,2.288776762813413,-0.252551119909847,1.9154347809645536,2.2795494582261044,-1.0091798849787184,-1.235900545958944,-0.7524269558291458,0
-1.5829781129946203,3.065769394995065,2.934563811169763,-0.8679626923067039,1.587765776949157,-1.2827145273322165,-0.4614638758575112,-1.7674875970810962,3.2954307379075463,-1.2820120076179276,-0.5116933677993495,-0.5086487090515021,0
-0.8317257274553069,0.5597257067735539,-0.5276656529067827,-2.4921766894555093,-2.944981292791105,1.2986136425351966,-1.57591969680431,2.1933805388707395,0.9436086884617888,-1.0713567399527046,-0.3344293017595274,-2.9295883145112294,1
-2.178461259259577,4.79665371803007,-0.9169341166657068,-1.349434613722144,-1.69338709071845,3.0499039167879305,0.2959982286578361,-0.1881378664718629,3.4212060828974,-5.170401603145073,1.0052519616519302,-2.4283171866546764,1
-2.8652455804784065,-0.2970317462155531,0.8087505279606912,-0.9968346549621532,0.7921415922198484,-0.4089105883742873,-0.1729466748453281,1.133742143109333,4.275465594255977,-1.5761650398434746,0.1145511882301766,1.953464118630606,0
2.6660608052761416,-1.8784119912243016,1.9832041020096551,-3.3372488356639334,-0.0115334564038778,0.1980087242682577,-1.2795389513121784,-0.5198880187099526,5.654232094183255,-2.855758756562869,-1.5447527151162683,2.403888306738549,1
-2.810357548007005,4.910770533944633,-0.7633524283538204,-0.5752058095334576,-1.875951080168348,1.383286159697788,-0.3167381627661312,0.2069371324318032,1.2559870386048466,-3.965245036038192,0.6608471707994492,-2.303321513588652,1
-3.713767430454991,0.2720410753506296,0.6188940923030475,1.0152784418865537,1.400913032103072,-1.619088831081941,0.1311085630848352,0.8131523489163407,2.362966229425148,-0.0340568167809338,-0.5368924444039023,3.282747655212541,0
-3.155193348471092,-2.732859174338057,1.9516092883353888,-0.7996915733412728,1.0514280434514611,1.8488435535738748,-0.0845755573480167,-0.5875310255503863,4.9755343894597575,0.586010674895181,-0.4598609409881913,2.6012424305181963,0
-2.2329722727970904,3.0792152164023543,-2.3706048404708824,-0.4872154584297599,0.9608195580995428,-2.2301251175269465,-0.1230928716141389,1.8552921313769868,1.0634031214937325,-4.420841456087386,-1.5603443984306895,0.6291466382307428,0
-1.046679737218762,-3.496164303215487,0.1493021540514969,0.1381705851076335,0.0737264735556109,2.808238305873504,-1.125019030210536,2.7186730861186224,2.5287174200737046,-0.0672555523157925,0.333963699278217,-1.1753799693655638,1
-1.059062914537345,-0.053792554902724,-1.674195868924516,-1.739537528929163,-2.3638380021663847,3.355933969247153,-0.6990317609294159,-0.0373762604674912,0.3869344458343615,-1.4250582825784348,0.3075188812506088,-1.64164767264768,1
-1.1269211970283646,-0.3685077540556268,-0.7187741480433252,-1.0667562207618078,-1.7798629640789358,2.9569859858587177,1.562668089747759,0.3898498791496585,1.623699601617521,-1.5375264264894468,-0.966619140562068,-0.6966952833091297,1
-0.0196425660559564,-0.4664650167999581,4.554685066551346,-5.484211767004215,-1.05998945954765,1.5380445025575535,0.1527459642976537,0.4606004564024142,9.630560258711943,-3.57672432901933,0.9504398451293992,-1.0164822166905894,1
2.7840796019912792,-6.218626783212668,2.024321243410925,-0.5587554715044459,-2.1824007620455648,3.2842729112044724,-0.6713311034646485,3.4000622274211185,4.783105058446361,0.0511642901851465,-0.5813090271173471,1.6826914093890912,1
-2.2507312898921352,-1.252992608491651,2.955273038964844,-1.6277053651233746,-1.5963524540583007,0.8939214286280948,-0.4553226439673473,1.9836602338047489,4.272800547767186,1.1248255816631816,0.6110712541668336,-0.6030357384885723,1
-0.7577537155765808,0.8612990246641034,-0.3203400643482357,-2.5850513867041816,-1.8981900907495408,0.7930819859458712,-0.7833936214572863,2.0970769009603587,1.9536451124238383,-2.1517066044421957,0.714304040711017,-2.6518946540840247,1
1.810723215013459,-0.728001218814961,1.220584722451953,1.051852593315815,-2.404204132292063,2.236639378298859,-0.1341840061667996,2.275316349080591,1.0525094732628475,-0.6077594877219371,1.8430060573334897,-1.529733215366918,0
-1.0000872665842482,1.0383996840069287,-1.2236676117453025,-1.9684454487564929,-1.1877027654301913,2.622430944806692,1.6347634856955442,0.1566682037697857,3.167989164918931,-4.499454441498141,0.8504677035125586,-0.4764479514398378,1
-1.8810526758426012,-0.4414599956578337,-0.2218558200990414,0.3926103739234166,0.0190897793050746,3.146709173808042,0.8597507610109077,1.9413579769507343,3.6132571554141046,-3.253977119821558,0.6438090319533928,-1.0868833167204088,1
-0.3514380505994925,-2.4096815103317453,2.6371405755123094,-3.2832882178235545,0.6893127984977019,0.0174759206306802,-0.1751116294091788,0.3749282287068232,6.570107872688391,-1.3195427255501633,0.7760047440427078,1.9740791037434688,1
1.895462559058783,0.5157701422509808,0.2269905273642718,-0.6191446440333198,-3.3609307861684545,1.2559690444406328,0.1513972194900402,1.89701906918129,3.0657073293609427,-3.7936576299198927,-0.7234095483227376,1.843452007561133,1
3.362034308410607,-8.801325234088857,2.8255752803159924,-1.4212260665620402,-1.4060468170379827,3.4134577229163336,-1.7564107063845535,3.638862740519489,6.846208424405389,0.5073000335886668,0.4348033969229811,3.166502680548984,1
3.1332942041721923,-3.571772960681268,1.5762996614967206,-1.7648395042450429,-2.1873774537519792,3.490546517664569,-0.002987170204839,2.317046113015427,5.878518865458785,-3.30040180369166,-1.0894215471982776,0.8075584494875578,1
0.7837541164910247,3.553614034572193,-0.13819181279381,2.945584334288874,-2.242711812990964,2.5320431428127272,1.3063925081368797,0.0083782273213786,-0.7024875485760327,-2.9586142332534493,0.546636348354079,-1.1973640974772972,0
-2.414552983972495,1.336988679251226,-3.0772421494976188,-0.2151905798894886,-0.3793436520505613,2.5091069781691964,-0.076588560317351,-0.541663618293359,0.4083497027973942,-3.506415157585606,0.6031114246684934,0.3144666827958815,1
-3.044944484899664,0.1187234555048183,0.9818250529963286,-1.7565296756538502,0.1478460335521216,0.6758046349725291,-1.0871194190621218,-1.184559689330675,3.0306366192389635,-0.1153147562921144,-0.5573881212997598,1.0481439646183626,0
-1.580442359642174,-2.198635884168037,3.335940331441358,-3.888649203655936,-0.6957261384786164,1.6505899538400195,1.9029089661989635,1.6181722632627928,8.214964231384984,-1.8286842831521917,-0.2883168697401522,0.1694751340927758,1
-0.3277985359803725,-4.376296582173259,-2.5679053745664966,-1.4709603536136189,0.902347291819523,2.2428421277578816,-0.0417157467830791,2.6793247299424507,2.439996998029371,-2.2701636569285344,-1.6820132317703291,0.3005352694998873,1
-3.8715431636705193,-2.388743780194308,1.3402593994695438,-1.4612879020996057,-0.2342214935592852,1.0894798571806126,-1.1425642370557434,2.553483280843972,3.799380876445471,1.2309363089484462,1.4723707175273684,-0.6037715779320032,1
-0.5478601292379517,-3.681122515988482,-0.6669872199688963,-1.2781927298798184,-1.7550837309876277,2.0347070343537896,-0.4798220516244541,3.207159758542926,0.3501908509408906,1.6543142398588744,-2.4373909361371995,-2.055298644329508,1
2.568395000278425,2.8615757063464864,-1.1412368605101235,0.7688593299866895,-4.545237928665034,1.6332419353111838,-0.0417324552988458,1.1086226063030402,-0.2821913750141138,-4.023451559456209,-0.941824543703402,0.6575038569427247,1
1.071560139710085,1.087876703704327,3.2573867619113863,2.797064273386389,-1.1965409531231788,1.3679028111650675,1.0908450205317708,1.3339684228655837,2.7835384381889368,-1.291964327423447,-0.7617733538784517,0.0554584709562147,0
-1.7197981786223568,-0.4304177582987607,-0.2484695969408481,0.133973297374379,2.857055188554422,-3.636159537264901,-0.3566886532877254,3.641060627677352,3.309981222264708,-2.4962951359370686,-0.7227466062922852,2.3750135329271536,0
-1.431218500114032,0.0583039220880975,-4.658953907802685,-2.5142282952679467,-2.3294087288991463,0.6185568633096585,2.011982430762255,0.5993024511323375,-3.1421830356013696,-0.4464458011239794,2.4378782869737567,-0.7307582509677142,1
-4.222434064712294,3.882239366585376,1.2913022279444737,0.127096751202739,-0.1464527819106234,-1.0533496838689185,-0.3550304071434997,1.4989581438163753,4.336360276884498,-3.291881449118592,-0.7160266242110652,0.9813886190928172,0
-2.146577183876148,2.584537846649746,-4.64270548653157,-1.966470966287936,-1.1517412722468536,1.053796151954006,-0.9169082960802408,-0.7946160055894249,-1.3932540534718585,-3.750503081095508,0.8428098457137418,-0.2137614176025555,1
-1.3242082024724853,1.891494438040288,1.872090407482356,-3.619679154601059,-0.3967529993559457,-0.1157317032963221,1.0084702898396165,0.4079854833503737,5.159079632331591,-3.1643339116293987,1.3002464832257057,-1.542971060393528,0
-3.4036140689583894,-1.31182279602618,2.378488640536021,-1.2410074945510805,1.1924927634629163,-0.0270609438143967,-0.3952443254281778,2.59868195339965,7.813620459865296,-2.617164140613528,0.087152570384361,2.400954574231707,0
-1.6997090227503338,-1.6614734834013944,0.7531030905801759,-1.7250680828830205,1.550266689698558,-0.5348333319984234,-1.6796487601892922,0.8769701534652702,4.318571202664667,-1.2716895042049716,-0.8539225133692266,1.855667830359066,0
-2.464310688337429,1.1184669945094088,-1.196665572907511,-1.0478835320110762,-2.393126760803177,-0.9535427617382348,-0.6418576190698462,3.7454690347399806,-0.5121455950394725,0.0059425960496404,0.131903528730534,-1.931764548623063,1
1.193530385931106,-1.6595290912556704,2.333097444791988,-2.5577849350463047,0.5542093145505138,2.4004538229995744,2.323307455808101,-0.4527389260833776,6.821199189816115,-3.652064769254396,1.6800856882427535,0.5723564952433182,0
-0.2527182291229874,2.5260612842665,0.9071104943051456,1.6846327690773282,-2.363383557160577,-0.5738682189634514,0.1580969164047087,2.9648151341987656,-0.7084815441867206,-0.2218155542750672,0.2777881983927099,-2.1290331786213548,0
1.722598884439335,-1.6677988680503102,1.276377820254455,-3.634391013314227,1.986979765327622,-0.2704732709261359,0.0695297843718018,-1.519013058629488,5.971449198515694,-3.6424073533483656,0.2570569696438685,2.7483018277384703,1
-3.813032349294844,3.7471130935307646,0.21905687552606,-2.2246124171339168,-2.0222091585841047,-2.713872776740139,0.8791523930847382,-2.2699741939845426,-0.3780804924235973,1.4173193345055497,0.1156157768532055,3.1360225189221898,0
-0.538425852443149,-2.117482123277324,0.0488223399282636,-1.6200058500557608,-0.6471662090823198,1.3733565645882588,-0.8124166410631716,3.2710518626968588,3.5520606620227464,-1.8397995154425035,-1.1852409386045832,-1.0616170060944126,1
0.6362418117723698,-2.6934600642352446,0.0819190697799379,-2.512241240403544,3.5402413674830746,-2.7762774581862857,-1.4906645462979324,4.74717138070286,6.277542110137748,-4.715725742683647,0.2227158396222854,0.254054400450725,0
1.481841422647658,1.3337310313209016,3.0797629328783462,1.3371748632388227,-0.9285486750899254,1.1291057301671112,0.6391317586855819,-0.3378493366721138,2.274229501358871,-0.97377541424376,0.5379979660490012,-0.3212459696703913,0
0.3258455109143472,-4.56250891585614,-0.8432666557922577,-1.816861999248542,1.0749753926479664,3.0169784125593453,0.670992119717739,2.4722042261888206,4.512224729032778,-2.8068946222808413,-0.9889103585345824,-0.3927940799810783,1
4.650839078358301,-1.28387308598002,0.4221107997017123,-0.2959721941417117,-1.2382866610268009,-0.4873360124523331,-0.6088282924619906,-0.9727704681928806,0.5491980260456483,-1.1348724373606631,-0.6143465987259245,3.772832725043797,1
2.23732548116125,0.7197109163366944,-0.082931662250439,0.0016158406237247,-0.3601605237782983,-0.7489752782219057,-1.1712461430373189,-1.7088125008939898,-1.228930802465376,-0.1713009998323076,1.915750564696548,1.3243533173072215,1
3.313761229148093,-1.3869600654140444,-0.3689029633961844,1.2895047775633146,-3.331648087137413,1.3889365474055246,0.1687405096752837,1.6835913701299297,-0.0058516973896391,-1.0919508600536647,-0.7375675709623474,2.597500549695352,1
-1.1386304493458312,4.847402003176425,0.9194189152896382,3.524003491738604,-3.48763827320827,-0.9115116961040995,0.3595677382881542,3.362314686341193,-0.9579264212630711,-1.2231058181096863,0.1422271166591947,-0.8223559117067595,0
-1.4971295701407716,0.1254540989468186,-3.58059855035003,-1.1848195559573371,0.5857982535708417,3.0631656370116502,-0.6694902453601599,-1.4878401263398429,0.9587968680326888,-4.155455796452371,-0.4665274947363613,0.6027936195662909,1
-3.4053806323179443,-2.028771805041153,2.3146259165260705,-1.2217902444813027,0.7009005012057982,-0.8219860965338188,-0.988689718846925,-0.6134694499016207,4.066349434829074,2.075921339437635,-0.833804612387308,4.1466968344323245,0
2.212299785103568,0.0457934958702795,4.736757361860608,-0.2192668286115886,2.706913804276127,-1.3657812860145029,-0.4802435198491173,-1.0214334128001386,3.568670974350987,0.1126860570573848,1.3898637023506577,-1.2269552446007066,0
0.7129011078052566,0.6842510122879927,-0.2088488275571285,1.246465053599798,-0.9988281707185616,-0.9589216108206498,1.003488167024326,-0.7067219062061225,-2.1748411616139443,1.2847845388624828,-1.0817354537878043,1.783713662546245,1
-0.3667809880590571,-1.5067352946792616,1.825306707760128,-1.223450948909571,1.364704295887938,-1.483107786292717,-0.519184936375495,0.5145662167917086,3.300890830782891,0.1552398748469707,-1.0932559904451953,1.7635641702192932,0
2.652982020550729,-0.8474068621125528,4.141328164875521,-3.661166685417853,-2.003472196376073,1.0837451856643587,-1.343333102278666,-0.209553548715667,6.924800549349008,-2.429947367862904,-1.729610402575156,0.9533584193746952,1
-1.6384515812733853,1.3709029550210885,-1.409788834617707,-0.9864135717122882,-1.110699925048297,3.224527584410261,-0.3986919000289269,-0.0980876934100256,1.4364185810406094,-3.202122624580724,1.4789165540475828,-2.031151500202358,1
-1.4342722217457204,-5.919060552666435,2.202715366430499,-4.749593885617212,2.813604865393658,-0.1188039805220211,-1.3161625167818407,3.3765995862651748,9.991554360416387,-2.430824169241369,0.8460497149246927,2.0159892885407102,0
-0.735221115997454,-0.0349905302017595,-1.7321226720959475,1.8514404246613985,-2.259902822951134,1.2428510482928594,0.3681222254729681,2.068933194487169,-2.291189691011584,0.4929533917904376,2.4378782869737567,-0.2803456389834784,1
2.668917636737963,0.6243807929680335,2.1582922675497414,1.8241733507940627,0.3307394520826168,0.6208781776294313,0.0231852111345161,0.8437681881438727,1.3500920893243118,-1.5104836504864934,-0.4176967725399015,-1.544597772311308,0
-3.4771880707766014,0.7586989024839637,2.926908369958669,0.3652706010954696,0.7604184344884333,-0.4372936378229813,0.4543872704257778,-0.2015996706385965,3.7748003442371822,0.5836757920431179,0.2299671136221295,1.579626951302634,0
-0.1449388819413737,-2.867237523293229,0.6990289276139332,-1.7855047743487875,-0.499113804649708,2.021614590522982,-1.227036399306327,2.0136182292859264,4.767508982221768,-1.9335600418614167,0.21915235965408,0.6101072199559946,1
-2.728681441379474,4.798933907230508,0.3059688058827028,-2.2424239769418244,-1.8094446030978169,-2.292789219252084,-1.3456580793046395,-1.5377289505553755,0.4117614094766412,-0.8752025393115291,-0.3567571679057837,0.7425222245385457,0
2.177650514514061,-2.1088532045723367,1.7417038912480334,-1.3424940509576548,-0.8673173512555744,3.027030889140927,-0.4937803504823667,1.1223935674243946,4.973004331512247,-2.922114427663103,-1.6003554996424103,-0.4918306528076109,0
-3.072940981146341,-0.9862818537862152,2.8012678686278747,0.8349054711931418,1.9673743766830407,-1.3179295010443517,0.2609907321924092,1.963867836684254,5.2637201201891415,-0.2861330898761165,1.4245800712666272,2.755684649230585,0
2.312096709176138,-4.057975017868356,1.4721216534090171,-1.0887950375160966,-0.6988227836675006,2.507905248924308,-0.8604705894085446,2.6321673739608658,2.5776566548818374,0.2403816891287273,0.8261929891902798,-2.529629699998014,0
0.2275863627972707,-0.0273248993435111,0.0904014527153931,0.8145654395611728,-3.269749641366248,2.1481934511720304,1.252808352119566,4.244291931400384,2.346184888681353,-2.697839056201271,-0.4107384525781443,-0.7681690944439005,0
0.9830941272633832,-5.164413881850184,2.9517786694881942,-3.861586363474863,1.7746413844597164,-0.3989284631463168,1.169473619916878,-0.1554839206124414,7.197810108085936,-0.2335743543654045,0.9107819169461292,3.922078023334096,1
0.4404413474679046,-3.695607630813748,2.650203104188662,-4.0676768617217824,2.7022898514865683,-2.0418543460270966,1.1559399662106669,-1.6725073056842392,5.398267096853285,0.7347698709511175,-0.5960223964991872,3.707794476606612,1
3.138649008555056,0.3699969444457371,-2.826829801688369,1.9803963587404396,-1.088645693794927,-0.6229671091205167,-0.149034230547527,-0.5868241033012391,-3.9884574617613344,-0.652018499622967,-0.1786677656548174,2.6041737803754312,1
-0.4996705349348718,-4.614968308740996,1.5660770261419572,-1.6199523418142316,-0.8694572235193857,2.410246294073556,0.6706220600848009,2.841565741240956,5.67287009813043,-0.5756099598712311,-0.3691220708388411,1.352739779838121,1
2.230629849388166,-2.0847321689074065,3.77278274641416,1.2406133251363785,-0.653844832499114,0.6980471530782101,0.2547060930152813,2.628793978273225,2.773215313313638,1.0072025048783155,-0.9238852039807016,-1.1383873586024496,0
-3.3169133887268227,0.6685945269726753,-2.1395441805226416,1.5350304547347404,-0.5407930541349192,1.8287951578201431,0.8325541392362011,0.1313447570637302,-1.7922137558598854,0.3112177924769073,-0.1944597312018029,-0.3164907365512306,1
2.208200931990815,-2.5434752281357764,1.776331200688057,-1.162090291439743,-1.3809599562856645,2.11957706494471,0.44778412779995,2.3071471190176585,3.555296908477451,-1.1648465392915126,-1.35972775176608,-1.3102800105289496,0
0.73397622017229,0.4322523067659448,1.5367210691542728,1.324514218028925,-1.5828261894069098,0.8819719337168097,-0.1191877659654174,2.406042244155814,1.1562939938498713,-0.6260682212473702,0.4209946182785697,-1.4993703539118328,0
0.6897231115304052,-7.125540386563453,4.358432996558181,-2.569988159038964,3.0645261564870365,-0.9194182829472632,0.6309093189212194,1.2130912927594668,7.019548417823508,2.4347245500633043,1.416703090186196,3.014110847587147,0
1.4539746244256158,-8.801325234088857,2.95194524997468,-1.837871646753994,0.8834015042190235,2.4676320959939555,-0.1365186553596157,3.3561991463110203,7.449577915553895,2.151786547540078,0.4493915470600931,3.9645486902960334,1
1.8223548826748095,-1.4600254294587938,-0.2728279812883032,-0.9712696907929108,-3.87870680783912,3.687346376461024,0.4402509136224019,3.2537327205336988,3.003355747526701,-3.275511288148941,1.0933744290301948,-0.9230970412360072,0
1.9517212957135728,0.0118359952513922,2.2614484213125223,0.0877867319885357,-0.6044166153179223,1.9387636862638893,-0.8032368704160956,0.2397004145573007,3.9987185108834,-2.827044691327024,-1.904000081696846,0.0307851436536874,0
2.909267016087171,1.7451413963286084,0.7071209024286511,3.593594544100018,-1.8661578839368649,1.449526887886216,-1.810986365749455,1.7180171552578218,-1.3094615302553672,-1.5071877785842704,-0.5223288027047861,-1.7793750622117306,0
-2.337057996951019,5.782231830552094,-1.1764275656808587,-2.257352972000331,-2.828575849734901,-0.0565588395368168,-0.1244980681062524,0.5297488416082039,0.0532837884705702,-3.505806262323745,0.965187292943182,-3.507334149005564,1
0.7703935629879703,0.4689225368878205,2.13779923080432,1.4084985333515592,-2.6831952266711987,1.1913808955845115,-1.1024827668287895,2.8957491959101604,3.455799551158817,-2.1420968916029746,0.3463936203494673,0.9537427768111284,0
0.7897345531238082,1.163381105169677,3.845898297677339,-2.631632169151801,0.378065971769129,-1.9045148291254024,-1.4934772775051497,-0.0177798029954396,5.498441422937927,-1.931680866375472,0.7262547498424611,0.4905159502204497,0
-0.9619081935267386,-2.3637468323493422,-0.2431612314703721,-1.0223375810590831,-2.611259565500239,0.9632791040695624,-0.9044730436030222,2.986920277207956,0.2119701543654732,1.837446762918112,-0.5687888409488123,-0.7173804874652748,1
1.337091005927237,-1.851838606567404,3.1242933132387845,-1.4883215096688758,-3.0396493406123923,2.164626878308474,-1.1296736355054997,1.843446142031556,4.457017702392852,-0.2840684039622358,-0.0359886028575648,-0.1930557787170146,1
-1.7703428398507204,-2.325700356720904,1.9857307944669835,-1.627829907954684,2.1964636931672903,-2.6671519129196195,1.1898119668668736,2.599933526219536,5.799491114807549,-0.8522686686636224,2.4378782869737567,3.127384411442938,0
0.3721501682310328,-1.7950203508466764,-1.0754388148080394,-3.1603714340597837,-2.441132245115957,2.8888147877867425,-0.2872842252900032,1.182823354436868,3.0651981978815126,-2.679515310233321,1.029091136687324,-0.1773034275629421,1
-0.6388231234719495,3.771879930968028,-0.7680610679849345,4.564497029436975,-3.978085157439988,2.709921553019455,0.7284440329946203,2.4151086265234945,-1.9756240831821663,-2.051339121606239,0.0999835568147481,-1.3966525622038934,0
-1.9582932690633883,-4.300468755122201,1.3543311595725145,-3.5950527571731525,2.0125126552806414,0.0188401049571174,-0.6028007053640265,2.256301358238682,7.753072292083524,-1.9599323377289115,0.4679640256263206,2.3903962826594007,0
-0.3129783377842172,-0.2459820960008903,0.7918637534104279,-2.0005202459356366,1.7688355948802377,-4.120398034072261,1.3612931244392328,1.690800877296252,2.571265302655521,-0.7795743310130173,-1.4907393797155355,1.7256083706144414,0
-1.806719420732107,1.3131949072017333,-0.9739355979871812,-0.9028163427694118,-1.5062595464212214,1.268610556277253,0.0980579124678771,0.7498691536947529,0.7161603113389106,-1.6197518438788217,0.9125158644180872,-1.101112095172067,1
-1.5247418494406697,-0.770593773302538,3.763439538967562,-0.8199186098401655,1.524000217605416,-2.035360466612849,-0.2071300035022076,1.5339831827215034,5.428367645504817,0.0491238093233477,0.5423821134998223,1.5624379940656306,0
-1.90751821928856,1.2983471229955996,-3.5268430514146965,-1.7377499256026123,-2.310591650362807,0.9000779265875212,-1.6714672579336196,-0.3349111384936347,-2.7558251665204057,-0.3667912848248913,0.8508404828428677,-0.8075763137877637,1
1.550702463940851,-2.438057414977311,2.1687004992058228,-1.7522516423755192,2.569053442513105,-2.8398312054737405,1.6179705787882457,0.7133987053726834,2.4492268454897275,1.046897944276881,-0.6658030693259585,0.5728573479898925,0
4.650839078358301,-7.126331050895706,1.094577779358599,-0.445178683930196,-1.2457057881444944,2.3906131395942545,-2.132848033197824,2.449211583080986,4.545150750297481,-0.9435950791486132,1.0272244357545135,4.496641025529611,1
-1.377500071483797,-1.9058820898240407,-4.130027866856941,-1.591320442130423,-1.0184632092282233,0.6568105073997259,0.2736598851473396,1.2604535963897816,-1.8909786187802275,-0.1384170820354047,1.0905187536488163,0.6801751997695189,1
-0.6464762710838667,1.6115128870092683,-2.696477124198743,2.8244948303322857,-2.496852416013033,1.5183219517714266,0.0769306052053847,1.5203229849539,-3.9884574617613344,-0.1311233872017891,-0.619747729260925,-1.056043799173235,1
-2.058987037108385,1.7215740737061156,-0.3433262985116838,-0.8932311231617781,-2.4741979378802634,0.7510698532436928,-0.3909562759339023,2.26001590275133,0.7768648681611503,-1.1385750882146477,0.1978534795278551,-2.0884706243375746,1
-0.4112282652470942,-1.0413064341173055,1.1549730380504055,-1.6774114192227156,-2.7499165118498325,2.3504311131188724,-0.3449830165562886,2.550285043628188,2.855170848446833,-0.6140743241184752,0.6596335484385921,-2.2257076567125007,1
-2.662204378479163,0.3469087452033071,1.6636142342006457,-0.6520312092842321,1.1600953970555488,-1.0352108693728734,0.7261813209953358,1.9554893751622524,5.213237274839965,-2.2909067103623086,-2.133719026541182,1.4619991227416993,0
1.3906171993678214,1.4988302696966191,0.3448023126774688,1.960941562534588,-2.1642213513031585,2.441653073992,0.7926678402137736,1.5399406093519572,0.5312984887083327,-2.5217643722027594,-0.3137867367237493,-1.5928220525129522,0
-0.4341756052841783,-3.123790163493114,-0.8309121118272785,-1.5463302093284024,-0.8397233626275163,2.8673629830366103,-0.5168933409882364,2.780669894702557,2.69749797515077,-1.4317829208044603,0.0062622802602218,-1.4686563377659765,1
-0.4273137782640724,-3.9558328289885263,-0.701143663850821,-0.422170942182789,0.525790744665841,4.307747073219485,1.2746343700449096,1.063050857948577,4.089189815187967,-2.4431308382466823,-0.8849212291990538,0.776384855283998,1
-0.5671982668952413,1.928883736556676,1.5260283750632189,2.917009460946012,-1.1124735298766812,1.7540357423533155,0.1006215462101829,1.2298492514540098,0.4987206415487191,-0.7463020630737189,1.1328694237200454,-1.7755829238299428,0
-1.6893617020873628,1.6445988788436765,-3.2615897813801507,-1.6345535718663853,-0.8890937137731392,2.08706261895382,-1.1137628437660123,-1.1277580549717232,-1.0503918928174278,-2.4896086047166355,0.2626501367935147,-1.471652976477257,1
0.4175090537936275,-3.031048217497183,-1.3513678613003286,-0.4757736916204422,-1.424696541507647,2.8290948943460457,-2.276384329733397,3.330481722956497,3.4509537440397664,-3.25753936826995,-1.260911135676816,1.22747264540755,1
3.8644796761934543,-7.264709412844062,0.5704024604304578,-2.625319505437956,1.059235666986459,1.1173832627145124,-0.0181970475316094,1.46412362205468,6.697121914834869,-2.6527312525792457,0.7949191942627345,5.054729473993359,1
-1.504175177096487,0.0228440777310939,0.1778411186626665,-0.3006325612063505,0.4520995875141742,0.7282801053217689,-1.6053761097164814,-0.923319642978135,1.788364399650944,-0.7859591332297919,0.1416538182510183,1.3848285709268515,0
-3.179733099912082,4.603899685003069,-2.621230404475309,-1.038974214913832,-3.717621562493829,0.0714195655582687,1.6997867310212402,0.8366897471529527,-2.752843650432301,-1.0545568148388569,0.6409866111852341,-2.339155906248481,1
0.5218762919415334,2.8411849869659958,0.6200410019839551,0.6057556438999228,-2.6523888217722638,1.910111918350026,-1.1287870965945777,0.7731402326733938,2.68692839774585,-4.313648119767234,0.4749472858853531,0.2813853233526795,0
-2.3444766221587794,3.797763173292612,-2.231083094626704,-1.4965781833420804,-2.491205248791961,2.458290069219324,-0.0825372256101164,-0.1244879421258318,-0.6347929528377714,-3.0184687136539585,0.6572537780129899,-3.646835362890902,1
-0.331117693054979,-0.6054379156628265,-1.6704101154882625,-3.049132759217566,-1.221416829260541,-0.2684108488523429,-0.8125685673728732,1.1780541751986373,-0.438795396016112,-0.1316819416461385,-1.0783802033393082,-1.621109064551659,1
-2.489366815558812,2.035871734209036,-1.636696302026387,-0.8371887444454836,-1.4146700958340093,0.0081748735094877,-1.1132913196646943,1.9002190020908092,-0.0147586693986834,-1.7144885736367494,0.5014263667535063,-1.515375125976573,1
-1.1073766495375903,-4.137672564078528,3.987081306774737,-1.609366385816147,1.3305877980505685,0.0154721154956836,1.477466085582587,-1.1760716845884898,4.67129229079644,2.4651378231216063,-1.0929901134966593,2.964854945982734,0
1.4857469490047648,-0.2746888538087777,1.257871920755879,-1.0988797642047352,2.3863918189604703,-4.395392319582413,-0.5259111206094603,2.240114524723235,1.9180145556206023,-0.837920908571051,-1.1695409804511758,0.707609882103055,0
-3.148706145678241,3.636506624569846,-3.633151431903333,-0.2736503596796875,-0.0948222593864294,1.173869322829061,0.6508715539456057,-1.2681899278552282,-2.2258381867817403,-2.595397645908415,-1.5269101850889022,-1.8425236510267704,1
3.0078526153636007,-1.530371627149516,1.2908375373063856,-0.7320817489700165,-1.527245007173662,1.0952459460233854,0.0702943485388976,-0.1188048459001978,1.1455887510524003,-0.0335804019556955,0.0066264204110893,0.4525638806941461,1
-0.5047963435049435,-0.0246267388025689,-0.962912996927988,-2.3867704889222074,-2.17050990814073,2.962570587312105,1.4336313443905568,0.7715352024362677,2.5241069141449164,-3.0194679024942057,1.119010768352883,-1.339844442389554,1
2.442598059808939,-2.750175990397389,1.697410926572306,-0.4981580924249034,-0.8020885455429869,2.828399199852952,0.0435503774319974,1.4503851574026043,2.92410209488468,-0.8417090375357394,0.2977809631706474,-1.6120896589180147,0
-2.8305088598332038,-3.2472628652568365,2.7302200348916017,-0.3742789653405693,2.127986608948379,1.1466905604060909,0.5269028286833728,1.525915670513713,7.064446586076699,-0.8090749543004998,-1.6650032350808377,2.387354868442488,0
2.3601239849008606,-0.8220710774806687,3.024572892009082,2.412365859931993,0.2611393099419958,3.2125907713016124,-0.500465395119397,-0.1643267457968256,3.059066614744978,-1.4442243951224103,-0.1333795483992112,-0.6883310228983368,0
4.012988856576653,-5.944735903869137,2.364859028555716,-0.3945797925453178,-2.5834386257217323,2.3099147842414216,-0.2892972150973493,2.6510608777970965,4.051272397226866,0.5933891173081187,2.4378782869737567,3.0025728037527752,1
0.7394840724793119,-5.055902954390998,3.617047665167039,-1.0522008095830315,3.5402413674830746,-0.6256029330294748,-0.3497733047165035,3.1431574065479104,7.284718085252271,-0.85661142590336,-0.9766918380388624,0.2375509389544878,0
0.9358480383400166,4.821929674610263,0.2687347508162909,3.146866997264481,-2.8219410804615137,0.7026060606537642,0.7723020550690356,0.7781901401857327,-1.7309992410320667,-2.261334135171656,0.1588258992096506,-1.5062506539944809,0
-1.0501161901366545,-1.8358967380906992,-0.40686702257164,-0.6002011510739519,-1.2479376059808704,3.662005459000728,0.0660187493431968,1.4242091411087827,2.438100285703396,-1.396522883497895,-1.145391721884907,-1.0887459052884192,1
-2.2142625478709066,-0.4592534546300148,0.0232631743949001,-1.6828821600424724,1.1061287441177845,-0.2465697123061474,-1.889726352059624,1.2069359861119369,4.102920416397036,-2.443462775508962,-0.2300845113527955,1.1586081110426705,0
-0.409371351283285,-1.665206966553704,1.8386367604257936,-0.2237671656904427,1.7122733317551524,-1.3557056543045327,-0.6396209389387216,0.7183793904782785,3.068458460631349,0.2769175747222423,-1.3947243449424973,2.0095530229519,0
-2.316295914835845,-0.6250920439000953,3.522155259854793,-0.2788537026803119,1.496512658347276,-2.6197396269131765,1.5187952178927422,1.5530589702632498,4.972272621174263,0.5968393038417332,0.2863849609250768,2.7108883496751366,0
-1.5560026921971677,-2.9233543385759773,1.3861469586596598,0.5305314386938258,2.8515244603285157,0.3797996969250434,0.5617981643277984,1.798844610687834,4.746664426326245,-1.0380972275401132,0.2626323671081653,1.6333382422349718,0
1.0454676921506518,-3.139200601443392,-1.3585846905609378,-3.420792046422952,-0.4178634100818107,2.730701391300714,0.3452803899380768,-0.1373690425301215,2.588549767663724,-2.023825920127605,-1.2122868988120306,-0.1263837792892894,1
1.9684594432421372,-0.807812852034197,3.154804769238956,-3.371007108006519,-2.5484029531066867,1.4289958702253198,0.7097017188775868,1.088453933763108,6.933916961995584,-3.2789977916129303,-0.0667659287958912,0.9632078501848907,1
-1.2384689369007291,-2.522309718346507,3.4332183052576557,-4.424527255418608,-0.7023713340390543,1.2954984977331352,-0.3261441631961191,1.864276695146962,8.416346685631078,-1.7553532098717133,-0.7028707751616192,0.0906195226640729,1
-0.1318184689708545,0.6186844999235241,0.062846841001992,-3.0186952037316743,-1.8440549885469948,1.4468074221279152,0.9403740369157868,0.6445860278478507,2.066048564853408,-1.9016553326312733,-0.1795855241069147,-2.4934809498339785,1
-1.0122249860415915,-3.652290998650724,-4.513325807940632,-1.2444845315674409,0.4367906166419799,2.5551006688804074,1.1256725366840077,1.017804224738252,-0.012442220209414,-1.8569763635743728,-1.533734101670181,1.3007253793399212,1
-1.983175452078826,-2.2727751226303505,1.2159603497655112,-4.041060757066166,1.31183964673124,-0.3030249990271356,-0.2202262345615215,2.094077976701717,7.49930825595477,-3.067581085369332,0.7518636032335019,1.395988980485921,0
-0.7111354933323946,3.4901102096318204,2.074747962293129,1.0064620632003043,-1.8179925111323192,-1.5248689107559548,0.2324462875879104,2.1835015895918124,2.2309470952984927,-1.9926335534020447,-0.543824867207432,0.2809134374655668,0
-0.0792283465953789,0.297889244454514,3.463336773422496,-2.3362250618347877,-4.101332517514284,2.366696685953692,0.3100689366658237,3.1482359355190352,5.227907582323549,-1.4293987237749792,-0.9416503547975966,-3.0602185969265445,1
-0.9179418547469568,1.5722760077332625,1.6446204429800435,-1.36010873213773,0.8430097918780607,-2.710626219741856,-0.0932040354072535,1.4450414577162207,3.5499681022865337,-2.016484410419778,-0.719412212826802,0.6760812952936166,0
-2.13577691240349,2.852484157094958,-1.1896186310194703,-1.1997498704953764,-2.602440510379262,1.0526920212380042,-0.1483219228535517,0.698522087266379,0.4107439282537626,-2.210865201434154,0.4660127981568643,-1.2802163865650702,1
-0.5547635570958991,3.401866241766684,0.6238806985523424,-3.669948738205532,1.052449941655405,-4.395392319582413,-1.66384220183885,2.9216851588404023,2.677058994167479,-2.874690240414677,-1.0486866116355964,0.1588216613660238,0
1.2760254439580838,1.5187528696681931,-1.667338888986877,0.7438792268655501,-0.4630728238129025,-0.4485207430545763,-0.9454409433522868,-0.8605043552065932,-2.2152641189322284,-1.1760518144430585,1.450456415125785,0.8200448960113442,1
0.6464915073566428,-1.55076967667214,1.2604518967451328,0.2477174790069565,-2.609505915550916,0.962102344749284,-0.3104439805436618,2.030662600110423,1.719399414667169,0.4667803090113818,0.1471923749585191,1.3935997213063225,1
3.768755957761252,-5.410912193103289,2.943329894390053,-2.6366534089045706,-1.0389327604898564,0.8481437174804887,-1.1394474175255471,1.1864947860485575,6.262919097728389,-0.6845594789903183,-0.3369489226286615,4.008499130109829,1
-3.857260088246597,3.677111282148609,-2.930245187996866,1.3997756916037556,0.0043959753662676,2.702595459076645,-0.2043871141264422,-1.982602089119552,-1.780050966070066,-2.40038644306982,1.069323120292642,-1.3276018212733,1
0.785835066815809,-3.46507699974827,3.304461762581778,-1.5882181332640342,2.491722170546856,-1.647062958978254,0.0611877647898889,1.8329560698959135,5.398483831338873,0.1813434582796553,-0.0763810186728355,1.1452644028439007,0
2.746960214773793,-4.419518580374781,3.868190341573462,-2.0511692550080887,-2.810348292966357,3.1640991456349514,-0.2963029975041068,2.5752973679893647,7.135292868182618,-1.1637726328808022,0.8456838706948259,1.087153965782094,1
-0.2577090356334526,0.9940361780266735,3.0965089927074745,-2.147532720938373,0.2901208936401778,-2.6550561222569584,1.5236018136916467,0.1661151565188772,3.3604139574500738,0.0755267882728158,-0.6629556898348014,0.4416713734166542,0
0.9906071466775594,0.4273356293653007,1.4455414612790616,3.1578749386722773,-2.3275640520196674,1.3878610126309248,-2.268434433028656,4.051558773329523,0.9602356971995368,-1.0840417168337124,-2.4373909361371995,-1.3071496516134131,0
-2.667736795164194,-0.9141812606199038,1.174466972971633,-1.2239866258094496,1.856986459769354,-0.7148318495630063,-1.4763216547774625,2.751554109376772,6.3227224414534895,-3.1273689715581976,0.932363332473048,1.512758572888962,0
2.096535466144807,4.65930843535325,3.7933231276268224,2.812593153507856,1.6790045278486465,-1.84641616116052,-0.9686551322971024,-2.2699741939845426,-0.4688216698634064,-0.2381573542661876,1.3567248683926705,-1.3603326802996618,1
0.5570872659262304,-5.645810122536037,1.881877235146788,-3.087258715112529,2.755985687954666,-0.1381858038293724,0.0285733449584792,0.4168886255023653,6.702744111793392,-0.6879408550865769,-0.3066389382657747,3.707143021066394,1
-1.908096812514772,5.219492154404868,0.7175762928850659,-3.5588577226182543,-0.4191497114163938,-4.395392319582413,-0.8497648690328464,1.5278712020683851,2.8577850269634624,-3.60539067461922,0.7032966639474403,-1.0599383662419846,0
-0.8394877271339447,4.341483224022452,-1.62484364387327,3.167768353298158,-4.694286419025257,1.5803537218762294,0.8719070099617129,1.694535022680217,-3.9884574617613344,0.0178290965715814,-0.3036616695215759,-2.58451757493339,1
-3.8060777397444174,-2.872214421947328,0.9479620838555988,-3.122056210206856,0.8539994322453068,1.0711141562963675,-0.2863984815009562,1.2337761713943525,7.43168229671823,-2.045147629269483,-0.5014150469084983,3.1002406513913625,0
-0.1681406897164912,-5.959683039089629,-2.573433322222313,-1.214893578825708,-0.1507348740077525,2.2644709483767897,-1.2134111008193456,2.5055752213017515,2.0138781813650413,-0.5861392691709305,1.8168087735791243,2.815280640482404,1
-0.2198100352525349,-1.899695401215392,-1.7913845438586449,-2.388189561170312,0.6269611960533785,2.2628637885641165,-0.2056772729461131,0.9466116575862902,2.786525426813994,-3.2955149118612503,-0.6051440086780971,-0.9459478603669892,1
1.285227117220967,3.6098423242426017,-3.0463853967689336,-0.450687622918787,1.7587265470456737,-4.395392319582413,0.7578619684363763,2.5421192364657954,-1.8160816869621947,-4.246865441516299,-0.2738647934070433,-0.103744063012932,0
0.1985478880012123,-1.3834008933309416,1.25743934200659,-0.3712015094535745,-1.7081714439380309,0.2381761717625043,-0.1632005077480574,1.316973226101576,1.5831433612747356,0.8484774656033309,-0.5682208367130831,1.24236815614401,1
1.6443668750852196,-8.800231834329134,3.753928129868586,-2.9153029651688107,-0.0873189307769022,1.9278309776698856,0.5099279848203732,3.30224693445205,9.47679997480808,0.0703779495324266,0.5783866764705748,4.621400358178308,1
-2.84913441025939,1.7036274983220814,-4.32421013356262,-0.6266992709172148,-1.139243577780419,0.8579367412564032,0.1944172211444765,0.7778733788822897,-1.4964693785978556,-2.6702861724342526,-0.2301355347095532,0.0876513725270016,1
2.4464511263206417,0.3775011803422594,1.838515687987714,1.1491927729022025,-2.499810257695609,1.7439795160607043,1.0295428779577755,1.456648441349898,2.017005881156207,-1.8182558131360815,-1.696808088092726,-0.0899947314568836,0
3.0450131588714093,-7.945331268227239,3.383855562683347,-4.720903191075079,0.9173928228878752,1.5152845233870955,-0.0509531267722305,1.970674748689317,11.48433655650405,-3.560706145702716,-0.4885307016996846,5.054729473993359,1
-2.217114046454756,-3.1116845807052824,4.540878309561231,-1.516151770703032,1.4744039256373926,0.5778482760624903,-1.9947793578899733,0.8529370691892284,7.56220492668661,0.5973249462801715,0.0827225385044178,1.7975287358889664,0
-0.200393895493552,1.2410201818753863,-0.7321858064709739,1.356634261628316,-3.3803245069997194,1.5019921655541302,-0.0340729584692779,2.070838132222728,-1.1849416308733,-0.5356253889840913,-1.0091158844156272,-0.8618835145367187,1
-2.275080370335596,3.1727374203861807,-0.4071270115468774,-1.393244853980561,-2.178096615992918,-0.3787783372905349,-1.4019604672402262,2.212139118995999,-0.394114945868148,-0.833384043641135,-0.4159975289175934,-3.8540143067421684,1
0.6182751807328049,2.9945574442019884,0.4130226254206494,-0.2309026934533715,-3.211569188427289,0.7615272288617158,-0.9009309448493684,0.7644728109059995,1.4525238945584202,-3.082241855919639,2.085124461277032,0.0639647282463506,1
1.546329101717034,-0.374351854987119,2.875556001218308,0.064278238658288,0.2884332769412057,0.9357940439376016,-1.8766790668996192,-0.2854038149740012,2.479505806733308,-0.1922173125208413,-0.7990526719737465,-1.1377697552641723,0
3.481771723004988,-1.917159107375235,3.0185495638754025,-0.3182227211510133,-0.0205266805169412,2.253794516620234,0.0776847095622954,-0.1062293546153325,3.5981082196311265,-1.150858095107013,0.492032236277074,-0.9729882619009068,0
-2.1539330565365966,1.2499132887709066,0.2698117780009923,-0.1295350355474738,-0.7225693358229998,2.362245521197348,1.6215769935360622,1.5833282422599486,2.27645581916104,-2.2015085892873696,-0.7696586063066273,-2.957218266661004,1
3.943558100296102,-4.156197891043836,0.515191669735432,-0.6433651942577256,-1.6649260291975765,2.4159599235605125,-0.8611648306846029,1.923559315626531,3.797329568375317,-2.3764967478548416,0.0827152390597114,2.610588830479544,1
0.2568196426112081,-0.4069059481775429,-1.729584071532428,0.910193787962808,-1.809362294406044,1.834303021985724,0.8329721803340545,1.8100995792068015,-0.9380256585367646,-1.070108430697592,0.5314353199369845,-0.5706645168563294,1
2.041202124698998,-1.4430616623396164,4.592046552041395,-0.5654527665743807,1.3945412169062927,-0.2837326395940647,1.0740233725142847,0.1888387591108362,4.499902568342745,0.2031250232908517,0.6576055686378444,-0.5855911876943843,0
-3.95464878973165,5.178364028887558,-4.6611328697199506,-0.9720752587624684,-1.7524506645335358,-1.835737133952676,-2.2592370135613984,-0.015294184745932,-3.9884574617613344,-1.0154392482120844,0.1055610953899102,-1.6608365742954143,1
3.678154696241152,-4.921792420004668,1.7802833281326769,0.2121985251810558,-1.7279672788256375,4.347290487401697,0.5315960272352283,3.766700709111345,3.9722575691698703,-1.3233731398849264,2.40073710872446,-1.7518990049161811,0
-2.0331500179625337,4.674898157456073,-2.716668132547059,-2.464387901833493,-2.5694034058287194,0.5176211284667519,-1.6517510276705176,-0.2725045747982528,0.3524032384119858,-4.687746761366328,0.2590080535837397,-0.8811284751943159,1
1.2914095821031517,-4.3055676330701145,1.761320330287301,-3.1775553971272705,-1.3446533748163754,2.878711869566104,-1.210765421246691,3.0397238594194818,8.662065457418674,-4.178182549476491,-0.6394574375014047,2.1032530983863267,1
0.4242060058788779,1.3733547428828037,-2.0741555226096136,-4.877070772574816,-1.8660214212254564,1.2181175654755134,2.323307455808101,0.1153022829538621,1.2514140537564489,-3.770347244897711,2.4378782869737567,-3.137138775180746,1
0.3302932221508299,-2.292055357492426,2.34166544266761,-3.366693565815722,1.1593256431617582,-0.6045512781272786,0.2033215939283166,1.043913427868493,5.786985238053476,-1.3841132692894662,-0.6843818211635349,0.5669074171543809,0
1.5856422635115068,-0.5476538071640034,1.6720855187162325,-1.5377281697080525,1.6847820862766745,-2.1631136813249374,0.3173460057534099,1.149028185131954,2.827961431075457,-1.273184293723024,1.076509511123356,-0.2512225120305049,0
0.0419049215082318,-3.140873878343176,0.5896164346261732,-2.210100284053369,2.290410416072412,-0.2558776868252457,-1.7893405789915842,2.4115755043008607,5.600729819616646,-2.8185650399669204,0.4805126237653721,0.9744970014823456,0
2.998258056968872,-7.724113156550781,5.001600166585203,-5.485380099891241,0.1868002057993698,2.8653441284785504,-1.1279788155117356,2.282945469830272,11.48433655650405,-4.429109565189775,-0.917799186500006,3.9723401057924055,1
-1.1285894307186115,-2.0352571326484465,-2.236720416835457,-0.9967853152807064,-0.0486711884799511,3.135144574269453,-1.424108171008566,0.8958439282600962,2.5416815029762967,-3.1393138589172302,-0.7119361699347364,0.7746218353937255,1
-3.257111887171753,4.668037327914574,-0.5937241241111957,0.4329694169641951,0.0078946310852667,-2.305402558278081,0.3707575588788752,0.0723225710648067,0.1776604319409507,-2.107005697803003,1.1065249250189155,0.8628126065471483,0
1.2741394086813072,0.2230601398184568,2.492941944301369,0.1368175468004147,-0.0506594030202331,0.4732961286750673,0.5397511242008026,0.95450066358136,3.170088719772931,-1.5464649803669486,-1.0521297630100692,-0.7686646249201382,0
-2.784815123415317,-1.1295535043462293,-3.537551041441904,0.9713503989461368,0.274328010684991,3.35262587943222,0.6938898059299213,1.2481636095342925,0.3077677871144316,-2.557774033131264,0.9385142818314754,0.1577532528407172,1
2.8034156245707877,-6.093705581382183,0.8311253066116916,-1.2999264969551094,-0.3934591243552876,2.2231317502792667,1.144427459644124,2.2147042560557453,4.752794344757642,-1.094461943449748,0.1209300014119526,2.862876855810894,1
-1.4789826618251103,-1.3785345308307186,-2.552899545677415,-1.0597922650057523,-1.193595030069615,1.944965419609563,0.9677595917761538,2.0503265739409886,0.7394767073919951,-1.7642000937756377,1.9275283741370763,-0.1784146016102368,1
3.607059182929362,-4.5335894833247,0.9720186082006572,-2.673342344810816,0.7375592271325453,1.2846673534511388,0.6020545576345785,0.5605971853340774,6.234890475625316,-3.5429113930461296,0.4799958521390216,3.516248058503686,1
-0.7685001233609466,4.042141207295432,0.1018159630468156,-3.407257546290801,-0.9717140650769308,-1.5011163990214416,-0.9361215979378243,0.1436976904932791,2.4482953879024643,-3.879381476432472,-0.8550819654660907,-1.6512067913313633,0
1.560415321559182,-3.2582990945697783,1.92394615922125,-2.7793812711033627,0.814982170422407,-0.2691074136905449,2.1374544455755773,-0.1571307971047637,4.875395299200638,-0.7760503177064392,-0.7577012572400416,2.7474234803642017,1
-2.04081492219478,1.6564745350721974,-0.8341616154381137,-0.8134977961227698,-0.1569516448527828,0.3078795904810671,-0.4504183541394284,1.028211684523474,0.5651456467805547,-1.5981207467606116,-0.4068626209400097,-2.135669997464925,1
0.2402876052654683,-1.006482369725436,0.8957971195022544,-0.964187569073648,1.3210187873834258,-0.9423477612813242,0.5266022143517697,-1.3174872049246198,0.4778803327104345,1.3058852652727433,0.8875016933061226,0.7069931395170932,0
-3.146881207980878,-4.879683553229311,3.337857144407601,-3.122876222230435,0.3711567794607309,1.3554304616846633,-0.5182265041071631,2.7643276270889774,6.995147777537302,1.708000194869753,1.1428275784164617,-0.1729747347184811,1
-2.4623633206360487,3.183450078849837,0.459970334653964,-0.2538807009186747,0.2336180117428203,-2.9451422545331774,-1.3465166880254602,0.2680371203661964,0.9346881042631467,-0.9367247797198526,0.2967404647547921,1.3753524427486716,0
2.802710197912312,-3.906363674604209,0.7652605448753708,0.1351433633480419,-1.8277513932361389,2.760349499158669,-1.7526470161326215,1.7997183873803766,2.047843540258865,-0.1949744909713964,0.2430491403468512,0.891900201556083,1
3.939981328967443,-4.93504573684971,1.5817161755588889,1.1835939413898398,-0.480369354865449,4.404951025392741,-0.6982222224737515,1.806142369249458,1.7055835964070878,0.2721351876833222,0.122630566981315,-2.8780678297157705,0
2.862074869092857,-4.982734760838735,0.9763683811209224,-1.300769829025728,-0.5934739800474831,4.404951025392741,-0.972325461427064,1.5749606371271707,4.822044899533057,-2.3661083362055755,-0.3814922842799467,-1.4790288628859587,0
-3.463295785043768,4.98248900769706,-3.376706170539229,-0.8677699258820288,-2.3390485058966,-0.3967209012011321,-0.1674883515404583,-0.1240754589333845,-3.535058713007501,-1.2735577132096614,-0.4046494828701588,-2.2726773710176893,1
2.3098844763198656,0.616381408257259,2.8691725621327064,0.361239300080767,0.6506052489440628,-1.2596512351832496,0.5005596718976477,0.882967179810315,1.4090278694990228,-0.1683349221343035,-1.6981788293752575,-1.8003207572476676,0
0.7867419209079201,0.6023015364775698,1.6840860545787135,0.6449216474802937,-1.6926982411781677,0.5112272029715825,-0.0619481254916177,2.6658079301266246,2.231191502279893,-1.4927864695115798,-1.8481812594592524,-1.00395113858013,0
0.4332847402273899,-5.5038069818417,2.5378416662673398,-0.4334791194951429,-1.0252032032226572,1.1338922855741802,0.186783626337398,2.4880940542561047,2.742318505064472,2.4651378231216063,-1.2966087582083723,1.1999744383848516,1
2.36420379004126,-2.796664398842999,2.904342680490486,-0.4565715330407316,-1.6737754138939154,2.642554363561618,-0.4377387217824762,1.9562496686923367,4.648973097318351,-1.0366833598565912,0.1230255625281553,-0.0923872529716574,0
3.754741968717251,-1.0239571988613816,2.8109848720221624,-3.698162665041496,-0.607837801111429,-0.3735624742059884,-1.891239742476721,-1.3901226536386102,5.679349668362893,-2.850981702940122,-0.7534481919890424,2.8002643522720825,1
2.019820563571958,5.967304516258425,0.235780115504075,0.9043865232992468,-4.160897954709556,-0.0614835585303854,-0.412508580870369,-1.43592193392353,-2.788232198498252,-1.7032715190387806,0.1819035366875814,-1.2859652301479496,1
2.6475458025277234,0.5873500741278327,3.336159350281589,-1.3318031198272218,0.6532393024784517,-1.508371319976089,0.6489310560329222,-0.7553296904952647,1.61335462752253,0.4486668806876621,0.5789492039018337,-1.7781429529702386,0
1.8539903527245645,2.2736292271660004,2.401659507728748,3.402811864583938,-1.5505447236253729,-0.0563881927943403,-1.704400381687902,1.8301856018973064,-0.4304112578065808,-0.2231275533865133,1.0539536254892845,-1.5351024061440912,0
2.469133179097323,-0.5550166824995941,3.20172720190414,-2.144918906579792,-3.45829749468802,2.285831666123909,1.171520695452716,1.2693928143125468,5.2259830168574055,-2.257284053062384,-1.6338656638937428,-0.3386579842001809,1
-1.8364983021873835,0.8728993963003487,0.8323232452349676,-2.2213231325015568,0.8558028791266672,-2.9512324942514097,1.9936354852445843,1.565604248569314,3.916569936514772,-2.033628983079949,-0.9577164978894084,1.81895860826761,0
0.2001249557447701,-1.460846027349854,1.0320589329856011,-2.479478532650448,1.7276074520301907,-2.0745910087495583,0.4529952770907027,2.36089773045233,4.956461886632092,-2.581098276466597,0.4942029379299806,1.1542277374639591,0
-2.598870165950669,-0.2376430266681851,0.1131851396200234,-0.2666671124622741,0.9040962415705386,1.294911152162943,0.4676993729226192,0.7612393553288591,3.96908259096529,-2.573550547650927,-0.6687669298299082,1.118806494354591,0
-0.843832755355662,-6.6458403904977335,-4.6611328697199506,-0.7055369021676309,1.2444755576456048,3.6798656659049223,0.757043990744016,0.0002981920367859,-2.11691781496704,0.1089003689626497,-1.7908828461371489,2.6930976030338347,1
1.7425988543764153,-1.3005653320557815,-0.5779123303598936,0.0433430667395482,-1.6651388191797398,2.3739186605653813,-1.095422852238453,3.1243583504338366,0.6020561071676608,-1.6987606882698705,-0.8002730514251644,-2.942187094014152,0
1.7201889969451032,3.906655825464653,2.43706391867678,3.205444183679718,-0.1855240994536791,0.5227656439317798,-0.3962003234777282,-1.59131992205712,-0.6094155441613988,-1.031097032992664,0.2635372569274943,-1.5249998351300156,0
-0.4933550000545115,-0.5415273422026788,1.2124119774340527,-1.4002496370401163,-0.4499104869590842,2.379808514592097,-0.6795412504083771,1.985113042704207,5.135512846805645,-3.432760536190304,0.4004684666970303,-1.4996144708729662,1
2.363128715942304,1.1967055185585045,0.6163210198398441,3.515835465552989,-2.0881046913713424,1.8638978511898672,1.083835889910897,2.617725554502762,-0.5451232921537944,-1.778817493654158,-0.024178157421123,-1.7565174510379469,0
-2.886382456371108,-0.6085660412664345,-0.2646372333521052,1.343933624774865,-1.6526500717762294,2.153927097446677,-0.8591862978604515,2.4874647098621527,-1.115798320733249,2.110812670403858,-0.727012868436912,-2.855285941951583,1
-1.3706054683614737,-0.61997885453127,2.038124251872672,-1.0960798741843063,1.1829773352810804,-1.1806439725580946,-0.358479640930326,0.8112511909940349,4.2430456752356,-0.7261310081115251,-0.1978368568371168,1.6042885244496858,0
2.2731777020025365,-0.2753787913465686,1.74141387813515,3.207287548723674,-1.721805789090591,2.8052365249941564,0.0937571789041875,1.9870684482924728,0.9841231801765116,-1.078686598395477,0.9219515572549758,-1.1696050890513972,0
-0.5986330738093335,1.6670467464189065,2.6892875429672287,1.4463780813292235,0.5347612750812147,-1.3420787640042495,1.722100808495339,1.3197860790151328,0.7121973159213929,0.8937233007278267,-1.5028086360348138,-2.032802364811117,0
0.1704461184655927,-1.390190197887258,1.3997769147756245,-2.511770596944677,-2.7946403491335063,2.571289816840154,-0.9794591222043962,1.9684896002646288,2.7188351439999696,-0.1375667603221582,-0.8344409344944073,-2.9869249195391223,1
0.7234474375161934,1.515653817821259,0.9044706111886958,2.2608662040318834,-0.5459825721150331,2.4217699841458677,1.2083479018809355,-0.0281487900427297,0.610947959739909,-1.828783320415973,0.1628593246192235,-1.5482829869432695,0
4.076439263711951,-0.9406552792877952,-0.1465084572712025,0.3183602953518798,-2.128009645453499,-0.5006200743570708,0.6578400064890101,0.0346803330625284,0.1394578302337783,-1.2347648336855852,-0.6656527394549884,4.204593128664629,1
-1.891715493063348,0.9381352650200936,0.6190330941942325,-1.6255983212795615,1.1119698153633422,-3.054745720252508,0.1157919129843237,1.6734408309370834,3.2161393769690334,-1.7316743102900112,0.226429211211968,1.5941125920650774,0
-1.3758607697194558,0.2424211928402122,1.9267393675794136,-2.830873046891488,0.9338942989927196,-2.729976244130963,-0.2157253248951186,0.9904503083732372,4.132958882555789,-0.8188685307582527,1.8837576206881352,0.9396501634141636,0
-3.014895408182165,2.0990321259326503,-0.3200860076776173,-0.0914002071860105,-0.3543597422180087,0.1848391035338845,1.2040873995774943,-0.4168398764357306,1.7200567943444816,-1.7929686230850153,1.2122336174264774,1.5262279381120836,0
-0.9037968446739936,-3.810937778709284,2.1076557584505684,-2.713978464892889,2.223861155630266,0.6695269323325945,0.392603331057293,2.957994789294122,8.50821684833359,-3.2152312914425183,-1.8426181419156151,1.0370978054417002,0
0.1001884926893053,1.925488068123618,1.7752880600291534,3.135931648393175,-1.999750811636506,0.359004499106593,-0.0144991645150519,3.472045153304767,1.471524126959082,-1.6450220241868976,1.6101372041758706,-0.4714262058267643,0
4.650839078358301,-8.087433802665918,2.77071894717157,-2.5638903297201248,0.7665444359832949,-0.0236335812099692,1.4004400847983254,0.3426680512625597,5.7357573323376885,1.0676340189810958,-0.0804232498559869,5.054729473993359,1
1.831744486935499,-3.116601791071614,2.179561715421707,-2.405126453441048,-0.1941586390014573,0.4050439787553678,-1.7409285800704104,-0.1093329712612773,4.039896778524756,0.0239908004882756,0.7857040562633589,1.8922357683966695,1
0.9153967465973708,0.6802854376538156,1.387395878595166,0.5343132876400564,-1.4090400808011,3.3461988615799845,0.3511604670471158,-0.1637685790127003,3.4282442716831065,-3.2397384734151733,0.6759803242439603,-0.1832111583536941,0
0.555842899584774,2.341118310250461,2.51309129429364,1.1276384001484931,-0.9225311109469362,-0.4540565427105918,-0.259835116100364,0.7009402278489244,1.8675989282367105,-1.2256349734426182,-0.3936091985107601,-0.3128919266493088,0
-2.393383109335915,-0.3534169728336532,-1.0016577978990246,-0.1211842679349304,-0.8891033482830454,-0.1701954565564787,1.3863778072806072,4.29104893345051,1.5355660525265016,-1.311242014982616,-0.0182238344707214,-0.705149500052285,1
-0.1777035034247602,1.1929051865319855,-0.2913239232021083,-1.0920261075502329,0.6032809418321046,-1.8239498724696797,-0.501923799627993,0.5036699283863905,1.250933563180153,-1.939218052038301,0.322882801629237,0.754684329742442,0
-1.4588757937998655,0.6155708359596718,-2.3176018643005976,-2.422118339556146,-1.798637708492786,-0.7418237134781882,-0.8495211457104399,2.770464985130786,0.1678605038941243,-1.754519716430566,-0.436089663122262,-0.9818450498723704,1
-1.482357208156596,-0.8037036616083404,-3.236851990186904,-1.2691086604159667,-1.0704156726574976,1.6168349295894031,-0.7929604450864275,0.4491592583334055,-0.8675332811987524,-1.0707174711979577,-0.3101158307792255,0.1519672364045867,1
0.5850913681654039,3.033203183623698,-1.0425088743359492,2.181842092491688,-2.870054427961363,2.0946164460634686,0.0769190022753619,1.1830683540965516,-1.7205798577149,-2.283030155693713,-0.520363509837115,-2.07467375074354,0
1.0720167244287595,-2.262230817383728,1.866938650467808,-3.5702919952723646,-0.3804374098736616,2.166965201815544,0.164911372411841,0.2476504041285061,6.087129241070697,-2.6635337738961846,-0.3326818052309581,-0.0275305531020784,0
-2.116610566788722,1.2312395479258182,-4.286746613524741,-1.411052810214858,-0.0420396209989151,0.8690213046237075,-0.7015096733891704,0.0647481821314912,-1.6617180977619292,-2.5352652849140576,-0.9055791174799858,-1.1679843402638277,1
-1.328843707846556,-3.4183869313575053,1.0539831505696795,-0.9646041469426204,3.117306852455576,-0.0598056509775428,0.6067961573212856,3.744502463455618,7.232206720172606,-3.5053837051313583,0.5827396266601188,1.5154722736669504,0
1.212847075719168,3.3592964351253114,2.3278791588134062,3.637633077074295,-0.7495123700573729,-0.6606469373722095,0.4845294828983023,1.4770050037490738,-0.5486388330509788,-0.6704993271538608,1.0051747043683237,-1.7997499844334772,0
2.8854803480457383,-5.846845115899572,4.9683749249457385,-3.8609380096711634,-2.69667251767062,3.611656984566992,0.0581916279866054,3.746707579389778,11.17352424619897,-2.910247841398732,-2.357835743199773,1.6208688623163046,1
1.506045837756072,0.5729684506352715,0.3555739859767268,2.674805889469755,-3.209668485891293,2.32224230394651,-0.6298718472715173,3.262733126878281,-0.1393399814517152,-1.3633637011323745,-1.3219258800794722,-1.5603932006508063,0
3.146681278426564,-3.474503775220728,4.10825070949449,-1.8487496305787312,3.218299577305843,-4.0231693127786325,-0.2853167371629613,1.108072286075232,3.2726996809362165,2.21025289041582,0.7759275916627246,0.4920118723836497,0
-4.222434064712294,-1.0809479520490728,1.9314460548378247,0.0356921536482917,0.9258456848244636,0.2912188307347898,-0.2908538691093362,0.8903491184471559,5.590759081465326,-0.387148602215994,-0.1974510315575956,3.638974841255837,0
-1.9603660834052363,-3.771479411518182,-2.6904449749612747,0.8155255277272211,0.4193771397902857,3.800506261734771,-0.282389991639235,1.3109832025709145,0.2816435532457194,-0.2709177287980313,-1.6619707377147743,0.3081481965832022,1
0.6188294565770414,0.440545365256131,-0.0437245656710829,0.6614591824735059,1.6325853314782963,-1.855646320777456,1.3593305349216147,0.917864031575143,0.6166489540350409,-1.4368021399740682,-0.806950904465536,0.7898151530508045,0
0.020741879811615,2.132839057359754,2.924260451957276,1.6834820962781945,0.5990968347417933,-0.0408709070737234,-2.276384329733397,0.0750648623889382,2.979974430095526,-1.7848105211174914,-1.054672999999259,-0.0024997101140022,0
2.4718546401365065,-4.1585686433931945,4.177661039803347,-5.053130328581668,1.4375033101195012,0.1770639515615397,0.3065782751484678,-0.7137693114503207,9.41556371704701,-2.429189192482652,1.4070952404147783,3.10580268086773,1
0.5017955993854432,-2.8301879194023694,2.649591720526684,-2.562604341608212,-0.404916944155399,-0.080550518042999,-0.6089159295957041,1.0667190538674252,6.415235421100053,-1.2484930842856057,-0.94914955082587,3.453696818525328,1
0.5837943988595837,-6.611830302232473,-0.4019439523602817,-1.5564563836794676,-0.2965363230110041,3.2620427305399664,0.006095920045641,3.075685040332412,2.8722268058626352,0.6551299811842344,0.888298273857412,-0.3923936967836496,1
-1.0685645801139607,-0.8140571861660267,-3.5488208726031543,-2.173014728595888,-0.5992877827685719,2.898346212199989,1.8844310179053003,1.0160310665018382,0.1734378121797299,-2.8903966644561687,-0.633991458460733,-2.399377228511069,1
1.6322976273368968,1.3457453309838316,1.0640211337712686,2.000174440794978,-2.4450468732151265,1.876344687491197,1.2505095490647982,1.86279326293014,1.1630496699089017,-2.287049853904401,-0.052900823796497,-0.7411362045653705,0
0.8212026379334358,-0.637302858613403,1.6875816103914894,-1.7920900558318145,-1.0515903790902896,0.93266560048829,-1.9317163801395008,0.2515723299230601,3.6290616212896176,-1.4553591125653,-0.9097734043438012,0.4503365386709919,1
0.5206234429855081,1.337026722098355,1.417304904016625,0.1143607083008824,-2.392769084056046,1.5245732543131458,0.4438379247952005,1.575040795194735,3.3254089729170926,-3.027056646269348,-1.55025499715261,0.1177200798638946,0
0.9074246154148052,-5.400548728308364,-1.3095813048373386,-3.200643911993573,-0.7131152376465822,1.8716756374414725,-1.4429614401467374,2.529482573168663,1.1717736737470013,0.9160240730617611,-0.8231090071155136,-1.492155756733671,1
1.1307643685417954,-1.9914623456533915,-0.6231805251876645,0.2557433000187101,-1.2837883723634744,1.6758725546048732,-0.5299337917441671,1.8200008248547848,1.4495214682138966,-1.4716824762835827,-1.4003323447845597,1.2319717622464004,1
-2.5751045980383105,1.9045670754084352,-1.4061520893826478,-0.3827645712557446,-2.765272900763337,0.5803779797909631,-1.5092394040636194,1.2214568196866438,-1.857290963765009,0.5759757490277193,0.7902302756791277,-1.785159613399653,1
0.0518034195080443,-2.8839192820968305,-1.6831760718697928,-2.5944498619792054,-0.4294834966154133,1.4689233264253232,-1.0624018871744705,1.3784793280568592,1.7582272666586394,-1.3038566193400911,-0.2564859618191651,-0.002220911597053,1
-4.222434064712294,-3.8948664009006464,-0.7556117636775435,0.510694404162978,2.798630885382911,2.747308359755358,0.5415628015383526,4.0615100962561055,8.572681935837755,-4.97777528152844,0.0627900698337916,3.798188758312172,0
-0.1479132540281287,3.143932335722631,-0.0988685944526366,-0.9986567434138216,0.2878266428981566,-3.039736767990463,-0.2617049764601687,0.5454970895162444,0.332761347399102,-2.059825021329081,0.4938546089339526,-0.1387866721988417,0
-1.91424683520056,-0.3512748709199686,-2.358914280067167,-0.676790986446652,-0.6875955839091233,-0.5146976033397705,1.2706107907355413,1.6047048423350525,-0.824113276527241,-0.2278080668849111,1.0885682139941424,0.7355737302903704,1
0.504229033977202,2.69896188989454,3.5286676830032984,-0.1086641926107616,1.2193729289493271,-2.0452597964785952,0.2487961354791844,-0.4187001207468026,2.990522822287929,-1.2892890574153872,-0.8830430889968823,-0.6849781544833713,0
2.5153773027497004,-6.846214295032061,1.9909923769062088,-1.304320433744974,-0.6284561988623212,4.404951025392741,0.2055494588525803,3.5119554201062217,5.426615829678695,-0.4996717537632071,-1.518724296080343,-1.7186813719138376,0
0.0341169588145902,-6.648341296326808,-4.6611328697199506,-1.5073645905066786,0.9102185794330696,2.948800705029619,-0.9276402379337388,0.3590119331566423,0.2416786783759058,-0.8310888539159962,0.4115211163331014,3.8790713433470425,1
0.1903159186010545,1.835169032467832,-1.2540777778893315,1.060881468123975,-3.4377156546902774,2.048545522011836,-0.4971801091781525,2.939794514153189,-0.3546378864347873,-2.667729669354111,-1.3042717410128155,-1.953404454196301,0
-4.218480875472878,5.393586172561107,-1.649190141235842,-1.5097394395471966,-1.0228874811999842,-1.5639108508834414,-0.3352294500315311,1.4038357555175724,2.83868794691706,-5.170401603145073,1.7273256960149022,0.862123610291565,0
-1.726362049610331,-0.5943859132877553,0.7511717838046973,-2.491127328698048,1.0081889978180685,-1.005178729219827,-1.5373188497970214,0.7511091775571412,4.212049852813418,-1.63453112950934,0.4315315011504474,1.3010519268699865,0
3.6029668170941274,0.6065228087232816,-0.1974147882797365,4.755933262005778,-4.694286419025257,2.555117080277393,1.023042502522681,4.74717138070286,-2.9727139581451727,-0.7973892537519466,-0.2143219281976479,-2.661769820688645,0
-1.736460392936947,-2.861151992378639,4.017296255048885,-3.705885627410728,-0.1919043008586991,1.477138790128929,-2.2763505370525623,1.408619366899847,7.682232652210756,-0.1354980252660966,-0.2116223787542216,-0.4999652571967319,1
3.6522575082269793,-6.502973090763531,0.3372764538882158,-0.5855877534652215,-1.1261454467418686,2.633892658758444,0.7241682883590267,2.968375270929776,4.642697576608137,-1.7612454205177237,-1.337999157580427,3.739129487379825,1
-2.5174032481600603,-2.2137678124265148,1.1602697803778697,0.7222779159576538,3.463394704199245,-0.6216181549997464,1.5769884366803153,4.532905886882751,7.15314868960624,-3.872502211405246,0.925919380006447,1.8828075713037224,0
-0.6179194338791723,-1.0945789589533252,0.8427794913392395,-1.270473394379269,-1.4911943910571477,2.294350309202009,-1.346675722736674,2.2290227859038234,4.243819133748003,-2.318710073834134,0.8268435274928452,-0.550393266139271,1
-2.876448104295597,6.95694559082651,-1.345103352236468,-2.823174061379503,-1.3233772290231274,-4.395392319582413,-1.3175886203422429,0.9018606261971704,0.7717520575707264,-4.261515653669136,0.6712557170413908,0.3326187410419436,0
-0.6309021110078525,-6.426102939623135,2.4822662417257244,-1.0825428111587,-2.6573090283183083,4.404951025392741,0.7800313928250462,4.74717138070286,7.018633336760419,-0.065374968485881,0.2111653010090324,-0.2753828452608202,1
-1.0841993036733544,-3.183810406836396,2.885284645671252,-1.1276582202490704,2.6818657521254394,-1.6121442689907228,-0.7007111641875738,2.856965765205158,6.629957503968689,-0.8642595973110653,1.3191045374986323,2.0997255096048346,0
0.4650477628666705,4.993014574476205,2.274580006083976,1.9318309085128744,-0.083531780778755,-1.035422225101573,-2.053508911219397,-0.8601272222632628,0.3923349945377222,-1.9281872859787184,-0.6045785427062709,-1.3333157908145905,0
1.6406384785726933,1.499048390237962,0.9875298566211764,2.179488631358728,-0.826290952318312,1.1015896537414838,-0.3703394465332275,1.0389556049268456,-0.2970089293082267,-1.1883628705937848,0.270348649180516,-2.0990395771462964,0
0.6970902213052019,0.4553191518204845,1.8210062030444736,1.625359446115833,-1.7546599456295686,0.3506081468698285,-1.402475301690192,3.647628077877556,2.1225978041534748,-1.3171957694214722,1.528422257862165,-0.8700462773827178,0
-2.337638040795817,3.154852698743036,-2.2877280052327307,-1.367184921687015,-3.591299471164235,2.1538509932558947,0.0772576661459192,0.7202397918430139,-0.5253478260868891,-2.5598477816357748,-2.437390140174539,-2.1170121711747307,1
0.3035103410844253,3.00997786075126,2.4246932108133974,1.9091809108479088,-0.3672726402116506,1.2434998158148547,1.6100071508541278,-1.050797903797442,2.373710150467517,-2.447886244413283,-0.9235006229132208,0.0014316865800638,0
-2.468519082763195,5.830421561427953,-2.222840829278779,-2.1327193674533955,-4.258337566946326,1.6500472714100067,-1.3003195600466766,0.0749807017809121,0.0507973838619259,-4.524127802914858,-0.1310147455190044,-2.4312854978460545,1
0.6127558208656256,-4.79337278791336,-1.7114102919492078,-3.0425948532598595,-1.3347771930750518,1.1709251295799694,0.9274341439334088,2.726779147462873,1.1583495191932829,0.450971366088408,1.6046247080549467,0.0791726998163806,1
-1.0408708155671915,-5.228344705457978,2.850945931893433,-3.7675470433560174,3.1967198962093804,-0.9716164606127706,-0.3236694413348375,3.950546993228107,9.726966382119958,-2.363586742401949,0.1065618913948776,1.6036872484543476,0
-3.0413037878179785,1.4601426340941883,0.3834187750744984,0.7241607726841814,0.7630441229156455,-0.4828029925399166,0.5405025205710983,0.973618961071386,2.9778541455726004,-2.1683859854011387,1.4463076047942056,1.795957254761635,0
-0.5536830657745502,-1.0051449439337916,-0.6783342253971824,-2.114599013075307,-1.872625791659492,2.008920996088928,-0.5137134617125588,1.271202122406708,1.3107201635512862,-0.8217474325811682,0.2609216568067045,-1.5982220993582683,1
1.5556926261269517,-1.9941392068633557,2.84450784750642,-2.2243268157933125,-0.4801601375182919,2.857897565776641,-0.668206595369311,-0.2980563674022956,6.025221982966092,-2.2892334395629144,-2.1008288678008005,0.0308977508883889,0
0.5929132965040105,1.23899215092537,-2.0595501267608736,0.7520448920921154,-4.367702367818175,3.0197313414419416,-0.1840992877237481,3.54734968088029,0.0082764648342109,-3.641289358321748,-1.0109152476021477,-1.5882819446831746,0
3.949516206329953,-1.729674561110553,1.0600885765361932,0.1413757399701953,-3.64028131501202,1.617819088101952,0.6765221080112457,1.2548718682411348,2.2183105048341907,-1.6015182017549732,0.7812966426817124,3.146743894963256,1
2.19148078628113,-4.955709797777801,1.8010864037315233,-1.1310916511176048,-1.0296800601809273,0.8669798860436241,0.536667248102405,1.3883055631800951,3.572939234386724,0.9561161113838804,0.8148227202481061,3.281302208809497,1
-4.222434064712294,1.531616136895901,0.4620803928079021,-1.2533627451344214,-0.7418884264063204,-1.1905014153265692,0.1352684091026754,-1.1519221583678898,2.055746453531283,0.3695742836260702,-2.3951362189992564,3.531485539981659,0
-1.4040016854802455,-0.2508905959734062,2.0082837616485394,-2.1323901212245167,1.4631813553628057,-1.414598283502042,-0.5952651113967043,1.8241231471022563,5.51991108658537,-2.2327929607749706,0.4161266795156272,0.3712443679896167,0
1.883468649900738,0.7856068545798244,2.025882898941042,1.5163141281897867,-0.6931022489217183,0.5376100586956105,0.0613602063506697,0.7986928684710068,0.284047229906345,-0.087494043368995,-0.6285037469175081,-1.8212583740452568,0
-0.6992512060368812,-1.5460698533933197,-0.264713020635557,-3.178777755595088,2.194357838822219,-2.1253528874335914,-0.2294984157433143,3.733486481030895,5.981062624104215,-4.494156816557307,0.4987109098498095,0.9779749849726171,0
-1.9876590169648436,0.2720046495505244,1.2813962298393138,-2.4705580638188858,-0.2902284605518004,-0.3589369634078527,-0.82632446281534,-0.2136143095138523,4.020746962011601,-1.1644816118973813,-1.0919853548814664,1.5617280164200025,0
1.1535946494651923,-0.0388162784446596,1.283370107684466,1.0536554562309026,-2.157300141496168,3.437349204932316,0.2112495177087188,0.5137611121625875,1.981188061551512,-1.61542670763822,0.5930372739297485,-0.7435360568676117,0
-0.466943363996932,2.0396647095604146,1.9300479116069391,1.449048278868639,-1.3916011803275503,2.0464315163436484,0.5904401422834201,0.6191927649364681,3.519395483032349,-3.030952486070613,0.2164856344872411,0.2592307231564728,0
-2.539383245468951,-1.057197438582731,-1.0746003264431978,0.4411479180828375,-0.6710796068223666,0.5115879130528468,-0.7533795807673912,3.331211274516848,-0.3218805689107037,0.8365918869055595,1.1774314493888824,-1.615281346868429,1
-2.495231713434544,0.7782185721722952,-3.48314471189637,-1.3159642462637344,-2.5301178139235074,0.1880384600774329,0.9389908443529246,2.197616816112608,-2.3556510897023006,-0.2340822243879732,0.1179245675742785,-1.243804989371457,1
0.5014086655362724,-3.245482709732416,3.499509390895388,-2.896064689180601,2.610342297284695,-1.4325710368502174,0.4481860233417833,3.224930417739059,7.942060782116375,-2.1209490780173117,-0.7011924616466628,0.1301111311085223,0
-0.5641072702443811,-4.979455950616132,-0.5973743359962437,-0.0073743411033511,0.7174125454365798,3.1423009658334204,0.521031156614199,2.053130436051071,2.7793478321645084,-0.2823489165602977,0.1628554817840007,0.6263924371880725,1
2.947566841523757,-1.471653378693566,3.380838671184007,-0.5949071191318838,-0.5574011330850823,1.9041222461317435,-0.1983463359180579,0.6758933964372184,5.553671434838927,-2.565183788533565,0.0639504750858116,0.498023537913574,0
-1.1651150653061986,0.5495408394906849,-1.710774249092064,-1.4949923751601082,-1.5295718669823146,3.099317341576941,1.6150043675546977,0.2519026177278709,1.9600072555329624,-3.5094723906408203,-0.2686294408825019,-0.8104967144329561,1
-1.4462217603468903,-0.902123750949738,-2.7947835027392527,-2.239278710326296,-1.805686997388564,-1.0771627528299117,0.5252798684907828,3.176912683817576,-2.014344149942685,0.9130420901994238,0.5888638344507372,-1.6577103145945145,1
2.9534108562134174,1.3162060776038855,2.0410175535413693,4.516706295417347,0.7778309188670449,2.2214164088825763,-0.662526371557727,-0.8323666075151359,-1.4130688990724012,-0.2137983313220006,0.2897234485360511,-2.782659776182459,0
-0.3456679077037821,-2.695571032816705,-0.7992597420027174,-1.7406040585294758,-1.0751459493328956,0.907341335563554,-1.178289013928438,2.0744719105587124,0.6299088047336632,0.7385544652802785,-0.4442491215191288,-0.7833542038457096,1
0.416068258425636,0.8573130726937671,5.001600166585203,-3.920270784511849,-3.311976639747798,0.8625399153081167,0.3954175754342419,0.3769875881983444,7.613014365609999,-1.9668685990648336,0.0936925799445182,0.2732732532788762,1
-3.0314273080856595,-2.331588664448102,0.0521729992396022,0.0050697691540422,-0.733117943853515,1.662232054618982,0.850944485915063,2.985944015465926,1.696280008858991,1.1641991646046956,-1.2789306287325417,-0.8752126110786764,1
-0.7596408806253743,1.5879172371587142,-0.823602244302089,-1.6358602012521577,1.258434834878868,-1.734152047623974,-0.9122627404246668,2.422557255816511,3.4592253549105547,-4.881972621235593,0.3700580883679792,-0.1412102354717535,0
-0.9640489840952317,0.8767625133425897,1.8962531919863663,-1.8767473211122496,-3.1437932227053933,0.2133929952426567,-1.01904627112609,3.118580389995888,1.6169702961287384,0.6051127532420453,-0.3802111554552536,-3.671984659295653,1
-1.121376795977198,0.972088268653966,-1.050564509906439,1.6417372496800071,-3.4874562211716804,2.921631522163456,-0.7472629779049722,3.150804038984006,-0.4424658209021045,-1.323118464311862,-0.0938624530987967,-2.1302385506853887,1
0.8378374814567187,5.681812239691246,3.571541844239835,3.0307556826230995,2.3519435327312697,-0.8593618623805162,-0.5107620194616228,-2.2699741939845426,0.5606681200471247,-1.640409155326752,-1.106596390766594,-0.4191176492612593,0
1.6962578942534072,-5.833558101468189,2.2656653688878734,-3.327364265370344,-0.3383204936681765,2.887940122938942,0.7566846105886573,2.596709457191244,9.341175434442638,-3.508669912400174,1.8273147061406685,2.8632287796417453,1
-0.3810049762639924,-2.3820100252896244,-2.9634182706964083,-3.131038783888868,-2.225180853219099,0.3204608922217584,0.6509559224948106,2.160981005112704,-1.926190951165035,1.258373283742488,1.6621851332477715,-1.51893806419908,1
-4.187443744038451,3.977397083234989,-0.79731413107733,-2.3609591518504267,-1.271167849805598,-1.772255822931136,-0.3687443108565642,-0.4488265448821151,1.900874599005544,-2.349306492175651,-0.7894957947313558,1.8001403810305383,0
3.1677793524798177,-0.229998953428079,2.7487741548463296,1.829573916411833,0.4285657562889107,2.2042018237440923,1.5648245823317362,-1.042142405417199,1.2955275869522227,-0.5658100669960621,-0.6421477928806911,-1.554041131599964,0
1.8511218246803405,-3.533086776799202,0.164419767830606,0.6251109129865453,-1.398745621625007,2.0897884592870133,-0.56808294634521,1.984193019860336,1.2836701630897154,0.104335204567932,0.6464438913965088,1.210411182187315,1
4.207329075389399,-8.801325234088857,1.9380664091281683,-2.4336986866933783,1.2373271696641184,1.8532579197928276,-0.2784930682590606,2.502101130485892,8.578659840483787,-1.529851718995048,0.1527016994187144,5.054729473993359,1
-1.4841840335562229,-2.7373594767711915,2.273677202236995,-0.7557542332327957,0.9820745531493292,2.1862906712512973,1.0309375680363249,-0.6811281363032529,4.598809654306546,0.3382997819383211,-0.2065320365499392,1.3995922420699392,0
-1.8624419294924237,-2.297857430836208,-3.606341703050048,-0.2158289901174714,0.3576364635871132,1.876823871593488,-1.1789473707660467,1.4804763044485902,-0.099255928161174,-1.4685245224123848,-1.4150321305294788,0.8540189792348292,1
-0.6694642897051443,-0.4123766710495071,-1.6526130793364424,-2.135467321706636,-0.3313646351112325,1.1702065848443564,-1.7283542671127647,0.7176466208559451,1.6080415670793335,-2.5069051987815607,-1.2486060254210265,-0.567541604975684,1
0.9328508170011958,1.5951996718195391,3.34867393555107,0.8524562585843929,0.8413609358574399,1.087396419271076,-0.5006552180457592,-2.2699741939845426,2.201277343330457,-0.5355930810126184,-0.0884111371528598,-0.9115815438469874,0
-0.2873855625064072,-3.381908483315842,-3.1888286712868474,-2.39242446759131,-0.3363738729117942,1.8884375800699424,-0.3403358260938078,1.34409005593482,-0.0022669119264562,-0.7404295510175753,0.0002965542745496,-0.4596817897006348,1
0.5872208493899662,-3.6143876026678528,-1.758057379509861,-3.242644280534148,-0.783941035074825,0.9919606434911205,1.455421388065267,1.6318966996646989,1.6616011833615618,-0.8166575263498511,-1.7823694336427056,0.4867357519074706,1
0.6493307496642167,-4.22221968370578,1.7416815536739847,-1.956759379448105,-1.8482557970850475,2.9536284702611244,1.397514731907459,3.3773787431244067,6.0610339583891335,-1.608024925156829,-1.2746368858554815,0.4595638914230163,1
1.9047642432684588,-7.546462797569682,0.834853068441324,-3.4253375024697137,-0.9784926630294418,0.973112773626708,0.3872008374664057,4.74717138070286,3.6663768870451903,1.677786379799167,1.823937473305267,-1.0253143725336238,1
0.3051726226819584,-1.3305090182807124,0.1728512114165574,-3.012666897857671,-1.7375596050026694,2.087933686502628,1.1439363133819476,1.5697523269557954,3.466457198379392,-2.169938929479467,0.9353921500496276,-1.4238461065422168,1
1.833249584558161,-5.531751152481863,4.142835567987975,-4.031602910089009,2.5296789208426778,-1.3455335829587027,1.4991613416725902,0.8048072768386958,6.336527594151932,1.5075055801674195,-0.6928307179141427,0.8410585251257796,0
0.1431544417435695,1.0427976149842624,0.4266085169686979,-1.165901435222625,-1.2694725088081524,0.2259763983599845,0.2190135234751636,0.2605326926483495,1.784373484147815,-1.7736878684444226,-0.607732083345403,0.1896441233971377,1
-1.093844746946886,-0.133765131545418,0.6448175822202971,-0.1809562099383175,-1.2776966711413358,4.404951025392741,-0.7469546829883025,-0.3500053939616414,3.5092312696359174,-2.572467972307073,-0.3079771250911175,-0.9875179081365844,1
0.396228940700831,-0.0070542301636622,1.4018942561351837,-0.7325972479346036,-2.855519208713801,1.283423368008919,0.8746466795891508,1.5461972650565965,1.8601301947217996,-0.3617638379180528,-0.6199311700351525,-0.6608881307663834,1
1.6876979387560715,1.0421983872069276,2.80655817123591,1.0961944995250064,2.203579699153584,-0.5918769928253731,-0.8680526791012767,-0.8482385704359179,0.564446382049796,0.2822957608257581,-0.4526332846354912,-2.7133045656047323,0
1.6377547166108437,2.626179673783371,3.647152633776892,1.2185062159458382,0.7336320553037372,-2.577960550730384,0.8997792033263129,0.2868136248746524,0.905583818050046,0.1735046061120033,-1.69605483951956,-1.3803005730621636,0
0.876192273716581,-1.9918768088424863,2.6700772079053827,-0.7821495444537341,-0.3643365406926497,0.8215994324246984,-0.5020980236086614,2.374042827435989,3.4618447686137994,0.1086875279017525,0.5633649678320477,-1.703353438145058,0
-0.6870881600161213,-1.9331284285991364,-2.95862010235375,-1.8011689582444843,0.4688694237399879,2.2290275753463007,-2.276384329733397,0.8122812248811266,2.094237664765277,-3.5586584237610013,-0.3173484554446204,0.6772235285884016,1
-1.7377023737273782,0.0017929410415424,-2.1473778118148044,-1.3456185001367325,-1.15571314193176,0.387692535763422,-1.0803711350471397,1.1540950009500814,-0.8123812291556165,-0.3237517399103911,-0.5417462550104892,-0.7978338966368947,1
0.8925851551511798,-0.4377548455995435,0.0742882412479146,1.9614263009459123,-3.0816599752520504,2.0785598654935185,1.2674089501776882,1.9300197103898349,-1.1571384323625074,0.6837390271450512,-1.3308070078451295,-0.6113635202480636,1
3.074075029896453,-3.312604344719096,1.4333413829317811,-1.247964772744361,-2.6860518274606235,2.955935732907916,-0.8476836422514354,2.4914091649410364,5.129572996262239,-2.785270801231313,-0.4307401587538532,1.5598053299808656,1
1.859886933580743,1.8791436137246704,-0.3974363564052174,1.5737827732442922,-1.77295810652203,1.3182077831912715,0.1394886815935981,1.6535252383247143,-1.126010693279922,-2.063565774868111,-1.9882849798492024,-2.684591470790042,0
4.22555595809644,0.4901348917369352,-1.982261366863776,3.646105671947785,-4.348612827033239,1.353945353623575,-1.0486125984411785,0.9818266607859076,-3.9884574617613344,0.5985708539363921,0.3721042297460501,0.8558481988342559,1
0.2499385056566692,-1.403493081224202,2.2770563919506617,-5.124094672163484,2.2734258591739764,0.1713616873852208,-1.830042452683682,-1.4266893007965722,8.113182124578447,-4.042300502952125,0.2426443400575202,1.3115208555608575,1
2.5694484300557328,-0.2964885007826379,1.7395987014439214,1.5540419671757544,-1.2476159847940416,1.757521060821427,0.7839815422274967,1.6665344387214254,1.1930224839837518,-1.047343664949075,-0.2098580286130448,-1.6360160409899112,0
2.7712498311043934,0.0891034607654286,-0.9326889708359788,4.187756176532616,-4.6789413687342245,3.1749032312663306,0.6050192938235087,4.74717138070286,-2.617248455726056,-0.9506065988552508,-0.4296550246297866,-2.646863540387514,0
-0.5011676691464542,-2.644408798403662,2.457847620981468,-1.5543009111601445,-2.8997414377458286,2.4489465125997385,1.1857164095891477,3.431442127768108,5.4275669491792105,-0.6111418197100876,-1.4027129566977294,-0.0174480735951487,1
0.5902967069241307,-4.205731472606172,2.6839478897087465,-1.9588175154035687,3.5402413674830746,-2.1839254847050507,-0.5172722003520555,4.212807125859447,7.531212421143152,-2.195530256732099,-0.5001760291599592,1.16580883186468,0
0.0467404541954039,0.3554136946902886,3.594822686988815,2.588616032356489,-0.4046228156774886,0.4779526241575658,0.9027810686011536,2.02034834585156,2.095646038387088,0.7163882655631473,-0.4672495720992234,-1.2044848776402088,0
4.442886430634164,-4.838232922318343,0.0448338130163326,0.0581063963880099,-0.5709570501858124,0.8250029610910561,0.808069512660109,0.9703448116690436,2.04856683306473,-0.8137223198835467,0.6483618046666626,4.538545840998739,1
4.650839078358301,-1.5529227127691874,0.6300949110522589,-0.4647121019109036,-1.915794223284787,0.2858054239755712,0.8175435422521574,-1.2178774378156656,1.626881466248298,-2.8055031589187465,0.6602060569795714,4.682417203205125,1
-0.9728106047338492,3.83523794840532,0.6635250234856828,-2.5158815393560894,-1.003380957542134,-2.6374035005194942,0.5877448175521978,-1.5442352466395328,0.0315855145862044,-0.428001791355691,0.5456977662574383,-0.2311107589964247,0
-2.2710414066804425,1.725832880757035,-1.1085442696673815,-0.7073177502332109,-1.9329121222062096,-0.449290099054175,-0.6502637707555082,1.0879410104006777,-2.0824408598748456,1.1578522054380191,0.7129440594514533,-2.007055249308848,1
-0.7876582929251351,-5.544132474164227,2.386592841798011,-4.200829793543845,2.1499714418443805,0.9352040227937244,-0.9373964495059808,1.6531306635900906,8.361366396794988,-1.2408819165573306,-0.8278597351186339,1.5177600918320142,0
2.33324277556936,0.3853994717645278,0.8870613096731583,2.9425886105130568,-1.7440522302187822,2.399240833332429,0.7974798636184299,1.90043064229787,-0.1012627098308952,-1.308176249651379,-1.7033424033846836,-1.7654221515203323,0
0.0623835605838911,-0.5863180007938744,0.4105096587537182,-0.4885319168665808,2.1568555228284136,-0.873489160271092,0.7070998874893646,2.1153054709918533,3.452707710675548,-2.91450828115138,-0.175997802772695,-0.1553279456967389,0
2.030827945076997,-1.970427958788181,3.670087336808898,-1.669441785620709,0.3972097027691299,0.0845317409428729,-0.6217931434227345,1.043687832692099,4.755007478836927,-0.4221783482559559,-1.6976981901788368,-0.6133461882920712,0
-0.325907744095105,-1.5360321008015538,-0.210912947576632,-1.056460497190359,0.3222832597972425,4.404951025392741,-0.0155338480354188,0.5500390255987966,5.670483291552513,-5.170401603145073,-1.622092978170468,-1.3892484234901312,1
0.1565588626209639,2.9127433738686066,1.505470480220951,-1.517912299817488,-2.715411061681019,0.9354192600802282,-0.048724303272251,0.4902284740466663,3.1464060747219484,-3.205902023643336,-0.2544887459332176,-0.9868712592050164,1
0.3703075985561848,0.5003253722875314,0.8043282286937086,-1.745505887666058,-1.0937828153451865,0.2018639511252469,-2.276384329733397,0.263900642182783,2.6300325136370493,-1.862289069819699,-1.426827457119774,0.3736112364901476,1
2.17028700104869,-3.3669843146056917,2.243349032720445,-1.1367891981895395,-2.135145719990572,2.781277133313326,2.323307455808101,2.5323810658760197,4.018179936100566,-0.5187411953637555,1.0458023643603604,-0.8639147478497278,0
0.47463212336645,1.0094811204361112,0.3118211276450857,-0.9924870564766612,-1.0112041427083551,-0.2783608953039003,1.1401405600523062,-0.0828563294430775,1.931929963736027,-2.0960271291746797,1.0228027499615298,1.547680806803052,1
3.587365814365795,-6.511872322968716,2.5928497055082813,-2.882119354318051,-1.5418952372493957,3.6393439971785857,0.0887099634268699,2.936394382713592,5.834040118999713,-0.4139158008169145,0.1142199415889222,-0.98927840365092,0
1.6164779956761528,-3.494340593666414,0.0523510985768789,-3.432449504234937,2.883815756151492,-1.931544379164821,1.6521699778678494,2.439247795865179,4.5776654236103225,-2.5968902058297667,-0.4463525052009467,0.5776312701460762,0
1.7264795864828455,1.0926519117560718,1.4992746567695547,-0.2639258460743932,-2.1002471518500263,2.5554973454912484,0.3635733992292609,-0.6139736187946276,2.454274301366549,-2.4872216705660417,1.0158811842157385,-0.4754010519389472,0
3.794700479545935,-4.4375937561693,2.371825144081538,0.1634286839025331,0.0129189650796166,4.362451946715132,0.1594684144376553,0.8578738660516674,3.8176577179156,-0.931793207314172,1.0044900263698198,-1.4587562804027916,0
-2.259647977556261,-1.3636226234681263,3.3341557360357146,0.5003959741024135,1.6557741744003622,-1.4448056183733349,-1.050892232398696,0.940151139543122,4.405487694659256,1.1785862809914731,1.0639539372232176,2.7439176905579803,0
1.1196383972344215,3.3372933928638253,0.238208921755276,4.755933262005778,-2.0573169393162383,1.447716656805103,0.8451496680907414,2.6075326805173065,-1.9673399743962288,-1.8987331308615,0.299811575993421,-2.086541789083772,0
0.6903028532867004,1.4721343280950543,0.1702259268939236,-0.2446411385297175,-2.078446994248514,0.3394252779493989,0.8195353648124565,0.4309073046163498,0.706471033857442,-1.6282525379904036,-1.5058880889849215,0.406053126815537,1
0.6401843065878122,-0.2103637101889646,-0.4219638927707603,2.157917926893552,-3.602812836070009,3.2916172399061354,-2.276384329733397,4.133931913331036,0.2647266755739818,-1.6625926008225818,2.4378782869737567,-2.0830044082479016,0
-0.162178217602916,2.904651808657405,0.7058214526046452,1.529511866905409,-2.2338696208099766,-0.8653864657787369,0.5662801967721954,2.793652494844284,-0.5059340499843604,-0.8629655725309863,1.0142663297577352,-1.7076372133474966,0
1.9594027753417045,-1.9450043919489224,2.57793382315706,-0.834816606351044,-0.1141463965372027,2.296639336790956,-0.5333327227154591,0.292266764689947,4.048660746730596,-1.175418901011251,-0.4302741216894706,-0.8462776370433834,0
1.0475896753835832,-2.592894155423354,3.463339917280424,-2.926735786112379,-1.0977166821904305,0.7151310421235012,-0.8326360607366181,2.0158615300831366,6.31658030163086,-0.92276387987993,0.0894154480595238,0.2234445034678172,0
0.4831884472351927,-5.448898464957004,4.708146341203304,-5.003030891914571,0.3919048251008306,1.0694387370506142,1.5776980986926428,1.5633695706896478,11.281768331346322,-1.948988165270492,-1.0297051233112262,3.29090124540072,1
1.4967455368414442,-4.906485225707757,3.917817844952667,-5.485380099891241,2.2918954411809063,0.4254753987650318,0.4553097520485166,-0.0697878371145963,11.48433655650405,-4.039372480177388,-0.018818051892174,3.9053625287574127,1
-2.230675061393789,-1.946807266483067,0.8635560126383988,1.8208355502583895,-1.0052698175759929,3.0480873211569444,1.0049217190497606,2.0533545252456475,1.7113102271878782,0.9394012226853904,1.5972578104763115,-0.3845508438428058,1
2.2298116980721674,-1.045248244573362,1.7598765075942748,0.8708408851181699,-0.3849739185511742,1.8638320784237887,1.14937777311902,1.4597644366451472,2.486804323878625,-1.5815970391754792,1.289290872537674,-1.1024549091382363,0
-0.4933524248749723,-0.0303011713844751,0.1444374813471944,0.5030899564751765,-2.758057353101824,0.1754661907215005,0.3108449717715236,2.292666482063864,0.4054274420083896,0.169939800590642,0.1080019382293093,1.0705878555314576,1
0.9327994365104324,-0.8121269789031917,0.1000884120134697,0.9547584203222648,-3.5651943941377,1.9263857481684008,0.0054603775732395,4.74717138070286,1.4338261873594245,-1.6570606788376103,0.9830486529061048,-1.5046638623081725,0
-0.6327226733327108,-7.346497073906047,4.9405915525931,-2.6347785080452493,3.5402413674830746,-2.3622191917242987,-0.7824447136784316,3.619402455009546,9.57142809765316,1.1407856720062877,1.3644061735478676,3.076214022963241,0
-2.195689175228432,6.957196731326988,1.4641955381853342,-2.645348343357155,-3.575721381094516,-1.750040435996547,-0.1129042791348836,1.572449527592654,0.3385492077932523,-1.970722395419968,-0.2533694421389236,-3.8540143067421684,1
-0.1377182293255807,3.417648903677403,-0.6694623797834356,1.4534977660483257,-4.099064500608926,1.6734993994215346,1.5725469048610543,0.9708066522515222,-2.701237060190899,-0.4474037271942028,0.7037035509081409,-2.6049830563350542,1
-0.1960601828828669,0.4927541708845018,1.8707575983448788,0.0737589929712319,-2.6572612404138978,2.5353839604003605,0.998772968859851,1.2242136386976936,4.17539542396718,-2.461237683832191,1.1829553757553657,0.7319184447928442,0
-3.0789389706106687,5.901423689844728,-2.985955791031665,1.82058693893882,-0.7745687946787543,-1.518172962712916,1.7884857679782629,0.359123683347117,-1.592098675572108,-4.068070319406702,-1.347554867109096,1.3839092007618792,0
2.130011431720152,-6.315696393499385,3.7710617982970014,-4.974375954205243,2.5188023519190947,-0.0424581646998922,-0.969069847702908,-0.138237955784622,9.29157931699693,-1.205829068702005,-1.0150738230079983,3.737905395211347,1
0.2425960653802765,-0.7688500411638092,0.9707334855523762,-2.038540907194637,2.2432612461583155,-2.015756301411649,0.7985857026434424,3.8216047954179935,6.018898996734663,-4.552449073285484,-1.319799960780179,-0.002077051063769,0
0.1183022721412874,-1.6175217850199508,2.7623517940512987,-2.7824985431528195,0.597505572041783,1.567167139647679,1.3488985256656745,0.2116757247413023,6.451830895197904,-2.2532871311290847,-1.1800195542131804,-0.2744768272096625,0
1.6795028976594042,-1.136929309238674,0.0591933107079625,0.7345054655041556,-1.9998664578118557,3.6920218939558103,0.4315334785915829,0.9384197810996252,-0.1096271906828092,-0.4539731302181434,-0.2133109544484559,-2.547287174542378,0
0.6818083533389064,-1.9716234324922963,2.411712889387826,1.067968425401025,0.3543342941407539,3.216225260663025,1.3045479848139006,0.7106708319198285,2.931314420463219,-0.1840421341041482,0.7178473826387445,-1.8841917062974969,0
1.6037554197210713,-0.3573016924351274,3.06609396685067,-2.3802340065940544,-3.5529148946074787,2.190002829119661,0.6783273957836279,1.8522535700135785,6.644180402822147,-3.426032202734966,-0.4140968010071728,0.7030303724116217,1
2.1642518120981222,1.5017380491326864,1.34477307478756,1.6844472939524815,-2.3929743697293318,1.6204098923994097,-0.8204029906893512,1.0362584608342469,1.014315890670685,-2.0620956221692257,0.4692749039413039,-0.4820269058682371,0
-1.5226531091150306,6.957196731326988,0.3179090652306495,-3.1167085125581813,-2.258512934780446,1.0610568416279555,-0.2386801115863901,-1.3924119817421334,3.833487388589744,-5.170401603145073,-0.1728655385636517,-3.0011803703318947,1
0.3852837409053564,-3.2497315478180204,0.772862164447419,-2.88681445798757,3.1949032511784883,-0.6955057706351822,0.8365912631195462,-1.241955521227306,4.382762623957302,-1.0748897440787593,-2.4373909361371995,2.6254023477006747,1
-0.8701413072540842,3.4188650837679906,0.1605863331924086,-1.7815723042804803,0.6834752269380462,-4.395392319582413,1.9352605630400657,0.6069271002460558,0.0235728436878077,-0.9296657414372052,1.2034425392512902,0.2807761854751318,0
0.9116851902743734,-8.62772919659101,5.001600166585203,-5.485380099891241,0.025546069031707,3.040469383456462,0.1664807447157204,3.2715391392815896,11.48433655650405,-2.0997510087885694,-1.3713458488678418,2.7157955887531857,1
-0.782291274067819,-3.106469790723506,-0.1490189290572916,-2.861223328128397,1.2259599191959485,1.7972971276991672,1.9499023977166643,0.7251894809686737,5.199375632712283,-2.652067661210075,-0.4419036631654097,0.973409850389506,0
-1.3946589465518415,-2.859346219534653,-2.5216406230401365,-0.7040465160462519,-0.6667455341144445,1.4292723540565238,-0.0335782657236844,2.219496486571232,-0.1885165206041355,0.1180854851314276,0.4594547189686895,0.2506291145533208,0
2.5249791058183044,-3.1682465038630547,0.8089834530902196,-0.1455713080641982,-3.942404201210431,3.686794054798857,0.1851233909525427,3.601514925223477,3.300344908897823,-1.71369751346842,0.9812465300644309,0.3035122827883283,1
-1.658541943929451,-2.502854775813248,-3.37068638980418,-0.5268330247068745,-0.6645930756211457,0.9860758494215528,1.4970820962402205,1.3471887333134247,-1.6593391577697194,0.7123514914127065,0.4726738915535232,1.0119221594102297,1
3.3333212566561947,-4.41969553005327,1.2743928908846678,-1.5502502147005228,-1.3264842706446638,2.536457127446878,-1.2356378234873526,2.1171319307932066,4.866486316748721,-2.1094115011358125,1.9089597412654116,1.466310601443473,1
1.036123852423685,-0.3979000622583693,-1.4990980829353953,-5.092180882588714,-1.2529635398484238,1.3072309024956696,0.2188297181597726,0.9287810893581364,3.2446894610551427,-4.297491405137677,-0.2475684264115957,-1.9537388407922265,1
-3.6050070853302554,2.6336955900726564,-2.7861178703778555,0.8819888564581277,-0.3029140218951205,1.3364961265913615,-0.7942139637638352,0.3757339273506035,-1.3434408197205363,-1.96266773258142,-1.7629347523899312,-1.3933002053103,1
-1.8625141591397028,-2.1591946116111616,-2.8014875652498072,0.1403815484174468,-0.7043273446417391,2.062066746907101,0.7752419918640591,1.518811592332148,-0.115073373410098,-0.6265957926023237,0.3242765424788702,1.1684975258468078,1
-4.222434064712294,0.6924935189549225,-4.6611328697199506,2.546157424949857,0.736640502729407,1.4399422347427209,0.2563806280261089,-1.2896396727155706,-3.9884574617613344,-0.8047168862898821,0.3888786165587085,3.155825683556837,1
-0.8027279823924371,-0.4591709280088638,-3.06806726992746,-3.747198887201884,-2.2714742768276386,-3.3353273566010952,-1.1331079181334598,3.075265834591794,-2.534989087078577,1.2130248051773669,-1.318777190506165,-0.4891280732622783,1
-0.91638863233581,-4.812406311855659,1.6219811154527897,-1.7495730678532215,3.198852320978987,-0.8296527277408429,0.9958695923806316,3.039240285961585,6.883393496339912,-1.4554388961806777,2.368481709325381,2.5025825071980847,0
0.3231066830064395,4.528174183294302,2.6360313282687686,1.0083496615947107,-0.229484238607581,-2.271749527566981,2.323307455808101,0.1109057795140175,1.8272548139164608,-2.234142347788465,0.4292616575359434,-0.0017613278587831,0
-0.199591440765829,4.827412622724675,-0.2476314513973325,0.789718771139178,-4.266276142385026,1.3033346358133449,0.3106925500432602,0.7763570722079093,-1.2334595294196853,-2.190575314141184,-0.1756701207664866,-2.3260150409399665,1
-0.925361712785763,-0.2371779703375983,1.913735564749294,-1.342902824281769,2.3634294021607314,-2.810393698350501,1.1098019356523492,3.1411438868070123,5.2639954040961054,-2.5359348107105477,1.08880808365036,0.36795567710311,0
-2.572194950757787,1.0485550267377386,0.982161237114796,-0.6675773036374835,1.0334106005486303,-3.287053917474125,0.3270118250193118,1.1299221923795828,2.4149357786753995,-0.3213112140818883,-0.8143836950603836,2.4503434412470764,0
-0.472208850624177,2.014885469738572,0.642602116723736,2.0954441915800626,-1.2750029094057,1.0667273855684487,0.2064855044234496,2.0253965661007016,1.3113805880415463,-2.343011027225949,0.1623531982622372,-0.740588078322496,0
1.8015151334836736,-1.2180582336206611,5.001600166585203,-5.485380099891241,-2.0345770661797866,1.6122116035213556,-1.1562532311431266,0.8475579399019753,11.48433655650405,-5.112568302489426,0.3098191055709285,1.629654734321126,1
0.6322839913890985,-1.625653366372369,2.044389437663454,-2.6025919840072014,1.0913255842710692,-1.881296869304452,0.4210935714491499,-0.3723005100456948,2.612853440594926,1.0146035165887586,1.341432818013138,0.9445210891448896,0
1.8158301861626167,-0.2834738142780709,1.101779067121468,-1.0949810166086515,-1.7337838500478715,1.066383075946831,-0.5070804295378339,0.4661022445369933,2.7132239490662267,-1.9776457996308352,0.9267623599181636,0.7463201559456145,1
-2.468776522268896,-2.71593230631962,2.8850104781094643,-1.5276456707248045,2.1613542074859446,-0.6810119688089747,0.4641127909220957,2.9433413156803145,7.843118892424349,-1.6649058845718323,-1.5223071824636851,2.020436667702607,0
1.41629840591048,1.4633665890778196,2.181038698583244,3.90392954056575,-2.4637877411374896,0.0698951716389184,-1.0991910910028386,4.186478559474602,0.5585776662298206,-0.7828027303619177,1.797347025157504,-0.7881420508966495,0
1.9813813440966603,-6.257041928320911,-0.6463193148891277,-3.5771709773889846,-0.6233550598108801,2.706961494081245,-1.143133001196258,1.966769526362708,3.496409395111322,-0.5799165832390176,0.1198394151310441,0.2391810405620746,1
-0.0351140813034811,2.3623786642273723,2.235999996800447,-3.962722833701745,-0.5760546546744845,-3.5165346324334843,0.377955642862775,0.5740423169714192,3.4882839206406357,-1.5218123879530363,-0.3674878285607639,-0.2044300106413576,0
3.63167229906348,-5.127024011829838,2.6100845875513787,-2.35875375578123,-1.043747829412154,1.6987042216075383,1.8618745314284075,1.5467121795071306,6.273124260553339,-1.4242689435810434,1.4040871437153035,2.869676805895346,1
-0.9049158192593032,-3.2049037260757545,3.0172853286016776,-3.344768798980344,1.6058241694304582,-0.6614609430047803,-0.2197197548672912,2.3790101783034605,8.072281074873498,-1.7919190333406485,-0.8487855003110211,1.4843372473131482,0
-3.312110280638877,1.572974165091795,-2.553030185996646,0.9083287091304304,-1.2770394286832505,2.3267826495671238,-0.5180711524016711,0.4397975977891538,-0.6772060312858172,-1.7370773309960832,-0.1646593797099035,-0.2761952535487033,1
-2.5229710884033163,0.8145486196351016,1.4499052703226991,-1.1480025369129188,-0.2686643890216973,-1.1645839122271466,-0.2763354049265346,-0.645146110096344,2.6838118296577824,0.190123512246366,0.2301406512671752,2.586481621373883,0
-0.510930834589745,-2.893197333167701,2.151361045755362,-3.2865800613805,0.6168052333933418,1.290966869860252,-0.643246589693029,0.7646852731972622,6.275161134284365,-1.3878185466805222,0.1610606064129014,0.3857305630751257,1
2.735369663926116,1.195933549066891,-1.3170388201212355,2.7955177370872573,-3.4118015620107536,1.2386869875279956,-0.4414321602283523,4.378338745023401,-3.1469622675504803,-1.2505163764772815,0.9298395239724432,-3.577965465866153,0
-0.4698086337345442,-3.4189506856143232,0.3632929191991769,-0.5423572688689982,-1.00052416283776,4.314502753416507,-1.4768006468159711,1.9843092535603088,3.2219510875322928,-0.7608024983067974,0.3265080976629747,-1.4916822956484608,1
-2.360430110822089,-4.843116194382999,3.208961913144884,0.7418433188186553,3.303249422431038,-0.5779094749741558,-0.7768694835821801,2.8200138778320576,7.02430723127136,0.4321927277327408,-0.8675819660364124,3.974949303315367,0
2.020041208436832,-7.206738521227213,0.4322496611262288,-1.0864683522615226,0.3580151354430865,1.620559309245521,0.9924363611851242,2.929153936860888,5.54610379101319,-1.1548213881526073,0.4507684445218875,4.673614438518901,1
-0.2671932269062906,-3.561238632110489,2.72265326247149,-3.060996191030318,2.089870068317552,-1.8081681685662785,0.2926791188218356,2.321840860826478,6.73491122564575,-0.7989966281004564,0.5719649347214409,1.875710683032391,0
-2.0624361555405466,0.3282527616440439,-1.8962161453735789,-0.8092618612609486,-1.788653005115579,0.2478901293812057,-1.3692142458420522,1.3757373295359494,-1.487602217819358,0.5430338145053375,-0.6930787876715729,-0.8545427868560942,1
-0.3327732431755883,-1.8148141347216,-1.38369915911415,-2.6340497433952383,-1.7599071857327797,1.0935981296515616,1.121601055297582,1.1645653391760926,-0.9699773296545235,1.3304117647878324,0.750813743341816,-2.323473656455427,1
-0.3458580343775135,-4.150809307007169,-3.3851388967618883,-1.6261581326429972,1.8114645633167608,2.9122046027207324,1.0444980327018931,0.9883162798801126,1.901518509855613,-2.794765093862079,1.2031640821120702,0.2879231930325767,1
1.3840870350180057,-2.619577212463311,1.9221009162998768,-1.7739686135839765,-1.7941733920339538,2.098965546742775,0.9137604021578942,2.21378562801857,6.729966231183921,-3.317020514952043,-0.8192974398165408,2.4525230953281243,1
-0.9223402874622404,-0.8216024487340486,0.4014340706249184,-1.1749719941224723,-1.830297960525901,1.6459930104852345,1.23165073907513,2.004711723030338,2.663320317121712,-1.1057527532949254,-0.7051733975684187,-0.5305079410601025,1
2.477711756505492,-8.801325234088857,4.377579762034649,-3.878185672302688,0.5553003821254587,2.7323003104617887,-0.3684523551723814,3.799055783280229,11.48433655650405,-0.3499055896077951,2.22081912036954,5.054729473993359,1
2.950740337942532,-1.83268085941128,0.6732653146737578,0.133035493308756,-1.718245162301287,3.2102651963335638,1.1462664952431498,1.4722672584146557,2.176448369974874,-2.088593014900276,-0.2592531925982925,-0.9832826019155544,0
-0.9269742763813348,5.934051624188804,-0.8085204409549909,-0.5113653839139155,0.5016495154462672,-4.395392319582413,-0.5105043218303988,1.9670370698521813,-0.8153620581985136,-3.015148506192603,-1.3244843412026566,-0.0078505435232647,0
-0.1311262395761714,-1.8052959568657443,4.167444557490903,-4.159369644814662,1.0242495724640917,-1.4196335494941366,-1.6347797780842788,1.8089611527927687,8.011731894045523,-1.5771616672189548,-1.028091443849859,0.2958006431902462,0
0.9113027258385232,-2.877574685445304,2.639888748421183,-0.8792187104614841,-0.3910218971602404,0.7900826100329928,-0.3676811234592795,3.568413098639965,4.250748116823226,-0.169554100127093,-0.8650524300840867,-1.4738474797352217,0
1.5920024475999914,-2.3928943824558377,-2.4565224451012124,2.381221866305107,-0.7032507137165706,1.3970449502453166,0.0878629733432279,1.6001545158482653,-2.042184142432497,-0.2772244762361437,-0.2670080012144572,1.8662541441341225,1
0.7080267782102618,-5.42690815825447,-2.7022053984220564,-2.5189229653737115,0.144914755609621,4.170831320591494,1.127941808772877,1.5822456099483524,4.105356324939955,-3.6747053247772,1.0364015907185318,1.5345496927224669,1
1.6915804584413277,-3.9450805340547856,4.547553037004752,-1.1866556251346712,1.5115132672833895,1.477789088127098,-0.686352577812186,1.19108487150829,6.211662407785164,0.1491492456400898,0.5357027782674318,-0.8615402879615194,0
1.4290367200887817,2.384336547397358,2.3923681637319687,3.6891215187617914,0.1055039253832961,0.763867473437431,0.077383276834055,0.2736384847436732,0.0410158842722912,-0.839440959913084,-0.6316809501556481,-1.733618192453255,0
-0.6835478775448479,1.1107045181911543,-1.6168630493566734,-2.93438068716791,-1.932990631141412,1.0913383318020942,-0.0377547076838636,-0.0544981129011621,-0.0289142969790584,-1.5169874113462398,0.1340240661808453,-2.025383368007312,1
-1.5166019916080271,4.156157974525862,0.5452162661733589,-0.4136874552118947,-2.447704585275297,-1.8039578271212415,-0.7677403912703412,2.0835360091973056,0.6046772745408159,-1.700299910850651,-0.7159720254184325,-1.0572394207132394,0
1.272381016271174,0.6224130954822064,2.191317777530716,-2.3573444135461363,-2.4275775382743765,0.631014592281095,0.0809838280744969,0.5987218181693916,4.837206186963955,-2.894683540410937,0.1128839949005434,1.1210227917749345,1
1.251533907137279,1.421064531367259,0.2037506172385423,4.625640873531768,-3.1123873285759256,1.6850736372163304,-1.2172149911354793,3.648081920008929,-2.8086722372498985,0.2949672571332775,-1.614108602266012,-2.678267244593572,0
2.0766204001829123,-0.4387064470859104,0.0334069164537926,-0.2213702719835326,-2.5772297558909263,1.447918690488277,-0.8858472433546906,1.4309587286488097,1.8530590258910284,-2.419740695850269,-0.0241591095802916,1.270059603301862,1
-1.1175700879609676,-1.5921723711631033,-3.495057797516776,-1.871420932786147,-1.0004337827784984,1.5541848107275555,-1.2586212573679436,0.9830101645872802,-0.8636993123862781,-0.9438133296703044,0.0502791216275801,-0.3204444741016716,1
-2.9283206386093648,4.046174423517135,-2.078800008325872,-1.1544479572026634,-2.6829206300742663,0.7725690869639491,-0.3776551500947696,1.9950793362738044,-0.1045457718915232,-3.2083799753813955,0.0964656428093735,-2.9534974453612737,1
-0.3717386712842321,2.299221671222335,-0.7272274039471287,2.4754814512556136,-4.119641186509176,2.625658588977652,0.3920636119749427,2.926266414860597,-0.7896078649048923,-1.9371761893794128,-1.80585241399886,-1.681688487150451,0
2.387260415026481,-4.870048875781921,2.26932405021506,-3.4645655550544463,0.8601148548595958,1.3519275839012372,-0.0935144963514568,0.6920548792199992,7.842246814334575,-2.8174759324169063,-0.3455948900704522,3.1054961076867413,1
-1.66015891971027,2.9609401732279346,2.405473090520966,-1.205784834102755,-3.888676542231115,-0.0522869900478819,-0.3319514311112595,1.7547555509262125,0.7424895248745721,1.0693047810661698,0.6533780145202215,-3.283072901929696,1
1.177778193499678,-3.593350213184344,2.2525171526599075,-2.90352229935102,-1.3995435399610745,2.512849139163684,0.9052651392522558,2.4277322271625223,7.004657616137411,-2.4683725161175087,-0.9435402090283288,0.5925177074207408,1
-1.230682492632634,0.5934612833399623,0.8319130434670827,-0.7099805664425232,2.283618695244607,-4.395392319582413,-0.875444928663746,2.854853582510072,2.8896844741764944,-1.5100850524272535,-0.4933429500742559,1.6909389389912628,0
1.8422826358489492,-3.146977937933052,0.0005730321705499,-0.3980039310767496,-1.477088074916185,2.3435554140427204,0.2399935051266813,2.630124104447934,4.217994201700913,-3.084096970011903,-0.5331611290651908,2.3516209486135167,1
3.824671741449991,0.5228883274594875,2.8215578772566907,-4.369989151854496,-0.3655335890331799,-1.073792556218279,1.7223631860518265,-2.2699741939845426,5.825550203215715,-3.8238809931192046,0.716051135263064,2.8876302945645778,1
-2.790668029986053,1.23835949718071,0.6340141234057356,-1.6486717129201458,0.0884328026496223,-1.5517623102117706,0.1399913849928779,0.4536975166319782,3.1764175837342767,-1.349685546194891,-0.908228700291104,1.90815418105003,0
1.4458646766278538,-6.7067583427763,1.1259838349007614,-1.0444254937716584,0.5881252739972442,2.399350935027415,0.1058725935412494,2.437708038764864,5.204080772113981,-0.3503907729985409,0.7028888301358235,2.429246548127805,1
1.0597865710757932,0.3513139823844677,2.788731251798252,2.6164291569948466,-1.0765126844985629,1.3684104090861624,0.1866867733040958,2.035310205886527,1.6853007323110751,-0.2864455801495742,-1.5258149826157894,-1.386197055039598,0
2.3574019387397707,2.707009067314673,-1.1799957576706597,1.016801931319265,-4.261080418010584,0.460472985035621,-1.8618161714634955,0.9532632964401072,-1.5268730165171205,-2.501185514767484,-0.1619140539050506,1.1333958855448163,1
1.237134436280203,-1.232230191418146,1.7873195952910563,-1.0119051620301596,-1.612408382856408,2.1368960750871,-1.1542454106433848,1.29093528061358,3.620044287381284,-1.5043479498928534,1.0955122303459124,-0.5800816975143285,0
-0.8840412884735559,-1.3067998286018223,2.160187835565532,-0.9345046489614012,2.704012271770684,-2.5964695482924305,-0.0483626365845075,3.2389632292615183,5.576144089818337,-1.9858963530459957,-0.2109190398071226,1.0886351533549234,0
2.313907186510195,-1.362629560753177,1.1654292965612434,0.2076125844858576,-1.555863636672779,1.8604045644756333,-0.509065389957918,2.1716734332036545,1.2067795363798526,-0.5752598431095608,-2.4373909361371995,-2.135682822145929,0
-2.9367484166278146,-2.6692692046866755,2.6277578088736595,-2.42143679029218,2.0587370609620583,-1.3129072581856611,-0.742510432294443,2.668991233921812,7.954635006383341,-1.5154638642272802,0.6517875712270695,2.6851598712498967,0
1.2020713184192684,2.08966297335806,0.9932427063957642,1.2296202364261517,-2.040115604951782,2.3889555462899708,-0.2384556944188832,-0.2393437994884872,1.512618488881828,-2.794373385293234,-0.9323541268243224,-0.3387133240154192,0
0.1644471983450919,-1.7344622910765708,1.860959944470309,-2.571611852665684,-0.5384897159179876,0.2410088405833224,-0.1965271340547038,0.9302068276536988,5.343066199504529,-1.6884784667060684,0.9172338451976824,1.955524643607516,1
4.012427697493127,0.0971065639178969,2.320233795318717,-1.641161174751117,-4.303055683450157,2.5313720330598803,1.4557069282362929,1.0641057247919363,3.553453638217627,-2.7831546869161485,-0.0050082045620741,-0.6482361055910979,1
-1.1324386630455272,-7.4255951102669,-2.939033355110376,0.8966824451804434,1.385383249378085,2.169119145247976,-0.3762372760973062,1.8810384776520497,-0.9888804095602134,2.4651378231216063,0.075503593238282,2.6310573705218734,1
3.408232411485655,-2.580805871550947,3.468270338481027,-0.2071092660864533,0.212678203536323,1.8452655268881588,-0.2588944702176533,0.3317612810491668,3.5402123122444817,-0.1580153996421498,0.0116542378324969,-1.066198023801987,0
-0.5163123949232769,-3.1166935038590875,2.14377947372474,0.2564339345196542,3.0866797673458413,-1.5083444863022366,0.5233549318416266,2.6588992974014865,5.285961720868079,-0.9422936349863976,0.2126184425176087,2.4945194240178763,0
0.7130219261869243,2.934167713895487,1.1217377346340571,1.153776745066441,-1.898157264869244,-0.3281416180017535,-0.7896156565874091,1.1697442317160305,-0.0020409985293863,-1.2935018982986115,1.1733910613167042,-1.2308409482797018,0
-2.927236519347654,1.735024161406513,-3.0962946399346976,0.2749025306045065,-1.3927893962825058,2.4422920848509504,0.0534086939451088,-0.3192468336748284,-0.968958371539384,-2.141297626268326,-1.3121562017692394,-0.0825449170109746,1
